id;ELEVATION;NAME;FNAME;STATION_TYP;T;SRA;SCE;SCEa;SSV;P;F;RGLB;X;Y;nut3;nam
B1BLAT01;211;Blatnice;Blatnice pod svat˝m AntonÌnkem;MSS;;SRA;SCE;;;;;;17.4611;48.9465;Jihomoravsky;Jihomoravsky/B1BLAT01
B1BOJK01;310;Bojkovice;Bojkovice;AKS3;T;SRA;SCE;;;;;;17.81;49.0402;Zlinsky;Zlinsky/B1BOJK01
B1BUCH01;257;Buchlovice;Buchlovice;MSS;;SRA;SCE;;;;;;17.335389;49.089008;Zlinsky;Zlinsky/B1BUCH01
B1BYSH01;314;Byst¯ice pod Host˝nem;Byst¯ice pod Host˝nem;AKS2;T;SRA;SCE;;;;F;;17.6706;49.3964;Zlinsky;Zlinsky/B1BYSH01
B1BZEN01;182;Bzenec;Bzenec;MSS;;SRA;SCE;;;;;;17.3055;48.9816;Jihomoravsky;Jihomoravsky/B1BZEN01
B1DREV01;238;D¯evohostice;D¯evohostice;ASS;;SRA;SCE;;;;;;17.586111;49.424444;Olomoucky;Olomoucky/B1DREV01
B1HLHO01;348;HornÌ Lhota;HornÌ Lhota;ASS;;SRA;SCE;;;;;;17.8033;49.155;Zlinsky;Zlinsky/B1HLHO01
B1HLUK01;225;Hluk;Hluk;ASS;;SRA;SCE;;;;;;17.538;48.9863;Zlinsky;Zlinsky/B1HLUK01
B1HODO01;172;HodonÌn;HodonÌn;MSS;;SRA;SCE;;;;;;17.104872;48.854292;Jihomoravsky;Jihomoravsky/B1HODO01
B1HOLE01;222.25;Holeöov;Holeöov;AMS1;T;SRA;SCE;;SSV;P;F;RGLB_D;17.57;49.320556;Zlinsky;Zlinsky/B1HOLE01
B1IVAN01;243;Ivanovice na HanÈ;Ivanovice na HanÈ;AKS2;T;SRA;SCE;;;;F;;17.0894;49.3092;Jihomoravsky;Jihomoravsky/B1IVAN01
B1KLZI01;329;LuhaËovice;LuhaËovice, Kladn·-éilÌn;AKS2;T;SRA;SCE;;;;F;;17.7925;49.0842;Zlinsky;Zlinsky/B1KLZI01
B1KOJE01;203;KojetÌn;KojetÌn;ASS;;SRA;SCE;;;;;;17.2944;49.3527;Olomoucky;Olomoucky/B1KOJE01
B1KRAL01;210;Kralice na HanÈ;Kralice na HanÈ;MSS;;SRA;SCE;;;;;;17.1827;49.4597;Olomoucky;Olomoucky/B1KRAL01
B1KROM01;233;KromÏ¯Ìû;KromÏ¯Ìû;AKS1;T;SRA;SCE;;SSV;;F;;17.3653;49.2847;Zlinsky;Zlinsky/B1KROM01
B1KVAS01;190;Kvasice;Kvasice;MSS;;SRA;SCE;;;;;;17.4703;49.2453;Zlinsky;Zlinsky/B1KVAS01
B1LYSO01;275;Lysovice;Lysovice;MSS;;SRA;SCE;;;;;;16.968611;49.216667;Jihomoravsky;Jihomoravsky/B1LYSO01
B1MSLI01;289;Morkovice-SlÌûany;Morkovice-SlÌûany, SlÌûany;MSS;;SRA;SCE;;;;;;17.2319;49.2417;Zlinsky;Zlinsky/B1MSLI01
B1NAMH01;247;N·mÏöù na HanÈ;N·mÏöù na HanÈ;MSS;;SRA;SCE;;;;;;17.065;49.605;Olomoucky;Olomoucky/B1NAMH01
B1NAPA01;185;Napajedla;Napajedla;MSS;;SRA;SCE;;;;;;17.5167;49.1833;Zlinsky;Zlinsky/B1NAPA01
B1NIVN01;241;Nivnice;Nivnice;MSS;;SRA;SCE;;;;;;17.64502;48.98061;Zlinsky;Zlinsky/B1NIVN01
B1PLUM01;303;Plumlov;Plumlov;MSS;;SRA;SCE;;;;;;17.0128;49.4683;Olomoucky;Olomoucky/B1PLUM01
B1PODI01;375;Podivice;Podivice;ASS;;SRA;SCE;;;;;;17.003611;49.369444;Jihomoravsky;Jihomoravsky/B1PODI01
B1PROS01;214.75;ProstÏjov;ProstÏjov;AMS;T;SRA;SCE;;SSV;P;F;;17.134722;49.4525;Olomoucky;Olomoucky/B1PROS01
B1PROT01;675;Protivanov;Protivanov;AKS1;T;SRA;SCE;;SSV;;F;;16.83105;49.47782;Olomoucky;Olomoucky/B1PROT01
B1RADE01;240;RadÏjov;RadÏjov;MSS;;SRA;SCE;;;;;;17.3348;48.8639;Jihomoravsky;Jihomoravsky/B1RADE01
B1SLIN01;362;SlaviËÌn;SlaviËÌn;MSS;;SRA;SCE;;;;;;17.8783;49.0853;Zlinsky;Zlinsky/B1SLIN01
B1STHR01;412;Star˝ Hrozenkov;Star˝ Hrozenkov;MSS;;SRA;SCE;;;;;;17.8614;48.9681;Zlinsky;Zlinsky/B1STHR01
B1STIT01;315;ätÌtn· nad Vl·¯Ì - Popov;ätÌtn· nad Vl·¯Ì - Popov;AKS1;T;SRA;SCE;;SSV;;F;;17.9711;49.0728;Zlinsky;Zlinsky/B1STIT01
B1STME01;221;StarÈ MÏsto;StarÈ MÏsto;AKS1;T;SRA;SCE;;SSV;;F;;17.4322;49.0917;Zlinsky;Zlinsky/B1STME01
B1STRN01;383;Str·nÌ;Str·nÌ;AKS1;T;SRA;SCE;;SSV;;F;;17.7078;48.9028;Zlinsky;Zlinsky/B1STRN01
B1STRZ01;176;Str·ûnice;Str·ûnice;AKS1;T;SRA;SCE;;SSV;;F;;17.3381;48.8992;Jihomoravsky;Jihomoravsky/B1STRZ01
B1UHBR01;222;Uhersk˝ Brod;Uhersk˝ Brod;MSS;;SRA;SCE;;;;;;17.6555;49.0255;Zlinsky;Zlinsky/B1UHBR01
B1UJED01;336;⁄jezdsko;⁄jezdsko;MSS;;SRA;SCE;;;;;;17.364444;49.211944;Zlinsky;Zlinsky/B1UJED01
B1VEJATT;961;Velk· Javo¯ina;Velk· Javo¯ina;TOTAL;;;;;;;;;17.6697;48.8553;Zlinsky;Zlinsky/B1VEJATT
B1VELI01;392;ZlÌn;ZlÌn, VelÌkov·;MSS;;SRA;SCE;;;;;;17.7606;49.2875;Zlinsky;Zlinsky/B1VELI01
B1VELV01;289;Velk· nad VeliËkou;Velk· nad VeliËkou;MSS;;SRA;SCE;;;;;;17.5167;48.8789;Jihomoravsky;Jihomoravsky/B1VELV01
B1VIZO01;313;Vizovice;Vizovice;AKS1;T;SRA;SCE;;SSV;;F;;17.84361;49.22297;Zlinsky;Zlinsky/B1VIZO01
B1VKLO01;402;ValaöskÈ Klobouky;ValaöskÈ Klobouky;ASS;;SRA;SCE;;;;;;18.015;49.139167;Zlinsky;Zlinsky/B1VKLO01
B1ZLIN01;283;ZlÌn;ZlÌn;AKS3;T;SRA;SCE;;;;;;17.643333;49.236667;Zlinsky;Zlinsky/B1ZLIN01
B2BABI01;470;Babice nad Svitavou;Babice nad Svitavou;MSS;;SRA;SCE;;;;;;16.6958;49.2889;Jihomoravsky;Jihomoravsky/B2BABI01
B2BATE01;643;Batelov;Batelov, Nov· Ves;MSS;;SRA;SCE;;;;;;15.355278;49.278056;Vysocina;Vysocina/B2BATE01
B2BITO01;425;BÌtov;BÌtov;MSS;;SRA;SCE;;;;;;15.73;48.938333;Jihomoravsky;Jihomoravsky/B2BITO01
B2BJUN01;260;Brno;Brno, Jundrov;MSS;;SRA;SCE;;;;;;16.5608;49.2019;Jihomoravsky;Jihomoravsky/B2BJUN01
B2BLAN01;299;Blansko;Blansko;MSS;;SRA;SCE;;;;;;16.6503;49.3597;Jihomoravsky;Jihomoravsky/B2BLAN01
B2BOHD01;583;Bohdalov;Bohdalov;MSS;;SRA;SCE;;;;;;15.871783;49.481656;Vysocina;Vysocina/B2BOHD01
B2BOZI01;216;Boûice;Boûice;MSS;;SRA;SCE;;;;;;16.2881;48.8344;Jihomoravsky;Jihomoravsky/B2BOZI01
B2BRAS01;200;Braniöovice;Braniöovice;MSS;;SRA;SCE;;;;;;16.4353;48.9661;Jihomoravsky;Jihomoravsky/B2BRAS01
B2BRES01;387;B¯ezov· nad Svitavou;B¯ezov· nad Svitavou;MSS;;SRA;SCE;;;;;;16.5003;49.6597;Pardubicky;Pardubicky/B2BRES01
B2BROD01;177;Brod nad DyjÌ;Brod nad DyjÌ;AKS1;T;SRA;SCE;;SSV;;F;;16.5358;48.8733;Jihomoravsky;Jihomoravsky/B2BROD01
B2BRTN01;517;Brtnice;Brtnice;ASS;;SRA;SCE;;;;;;15.6753;49.3069;Vysocina;Vysocina/B2BRTN01
B2BTUR01;241;Brno;Brno, Tu¯any;AMS;T;SRA;SCE;;SSV;P;F;RGLB_D;16.688889;49.153056;Jihomoravsky;Jihomoravsky/B2BTUR01
B2BUCO01;238;BuËovice;BuËovice, KlobouËky;MSS;;SRA;SCE;;;;;;17.014033;49.129881;Jihomoravsky;Jihomoravsky/B2BUCO01
B2BUDI01;485;Budiöov;Budiöov;MSS;;SRA;SCE;;;;;;16.0039;49.2717;Vysocina;Vysocina/B2BUDI01
B2BUKA01;511;Bukovinka;Bukovinka;ASS;;SRA;SCE;;;;;;16.798889;49.296944;Jihomoravsky;Jihomoravsky/B2BUKA01
B2BYSP01;553;Byst¯ice nad Pernötejnem;Byst¯ice nad Pernötejnem;AKS1;T;SRA;SCE;;SSV;;F;;16.25401;49.52416;Vysocina;Vysocina/B2BYSP01
B2BZAB01;236;Brno;Brno, éabov¯esky;AKS1;T;SRA;SCE;;SSV;;F;;16.5677;49.2165;Jihomoravsky;Jihomoravsky/B2BZAB01
B2BZID01;200;Brno;Brno, éidenice;MSS;;SRA;SCE;;;;;;16.631111;49.1983;Jihomoravsky;Jihomoravsky/B2BZID01
B2CRUD01;520;»esk˝ Rudolec;»esk˝ Rudolec;ASS;;SRA;SCE;;;;;;15.322222;49.073333;Jihocesky;Jihocesky/B2CRUD01
B2DACI01;486;DaËice;DaËice;MSS;;SRA;SCE;;;;;;15.4344;49.0831;Jihocesky;Jihocesky/B2DACI01
B2DRNH01;210;Drnholec;Drnholec;MSS;;SRA;SCE;;;;;;16.48;48.8589;Jihomoravsky;Jihomoravsky/B2DRNH01
B2DUBN01;200;DubÚany;DubÚany;MSS;;SRA;SCE;;;;;;17.1028;48.9208;Jihomoravsky;Jihomoravsky/B2DUBN01
B2DUKO01;400.15;Dukovany;Dukovany;AMS1;T;SRA;SCE;;SSV;P;F;;16.134444;49.095556;Vysocina;Vysocina/B2DUKO01
B2DVES01;172;DolnÌ VÏstonice;DolnÌ VÏstonice;MSS;;SRA;SCE;;;;;;16.6414;48.8872;Jihomoravsky;Jihomoravsky/B2DVES01
B2DYJA01;201;Dyj·kovice;Dyj·kovice;AKS1;T;SRA;SCE;;SSV;;F;;16.2992;48.7733;Jihomoravsky;Jihomoravsky/B2DYJA01
B2DZBA01;337;Dûb·nice;Dûb·nice;ASS;;SRA;SCE;;;;;;16.2092;49.0028;Jihomoravsky;Jihomoravsky/B2DZBA01
B2HAJE01;409;Tiönov;Tiönov, H·jek;AKS2;T;SRA;SCE;;;;F;;16.4725;49.3731;Jihomoravsky;Jihomoravsky/B2HAJE01
B2HRAS01;446;Hradec nad Svitavou;Hradec nad Svitavou;ASS;;SRA;SCE;;;;;;16.4875;49.7311;Pardubicky;Pardubicky/B2HRAS01
B2HROT01;425;Hrotovice;Hrotovice;MSS;;SRA;SCE;;;;;;16.0588;49.1105;Vysocina;Vysocina/B2HROT01
B2HRUS01;174;Hruöky;Hruöky;MSS;;SRA;SCE;;;;;;16.9739;48.7919;Jihomoravsky;Jihomoravsky/B2HRUS01
B2HUBE01;570;Hubenov;Hubenov;AKS1;T;SRA;SCE;;SSV;;F;;15.4669;49.3931;Vysocina;Vysocina/B2HUBE01
B2HUST01;201;HustopeËe;HustopeËe;MSS;;SRA;SCE;;;;;;16.7258;48.9456;Jihomoravsky;Jihomoravsky/B2HUST01
B2HYSL01;217;H˝sly;H˝sly;MSS;;SRA;SCE;;;;;;17.18;49.021389;Jihomoravsky;Jihomoravsky/B2HYSL01
B2JARS01;190;Jaroslavice;Jaroslavice;MSS;;SRA;SCE;;;;;;16.2325;48.7553;Jihomoravsky;Jihomoravsky/B2JARS01
B2JEMN01;502;Jemnice;Jemnice;ASS;;SRA;SCE;;;;;;15.59;49.025;Vysocina;Vysocina/B2JEMN01
B2JIHL01;468;Jihlava;Jihlava, HruökovÈ Dvory;AKS3;T;SRA;SCE;;;;;;15.6164;49.4064;Vysocina;Vysocina/B2JIHL01
B2KADO01;672;Kadov;Kadov;ASS;;SRA;SCE;;;;;;16.0781;49.6358;Vysocina;Vysocina/B2KADO01
B2KLOB01;205;Klobouky u Brna;Klobouky u Brna;MSS;;SRA;SCE;;;;;;16.8767;48.9961;Jihomoravsky;Jihomoravsky/B2KLOB01
B2KMYS01;569;KostelnÌ Myslov·;KostelnÌ Myslov·;AMS1;T;SRA;SCE;;SSV;P;F;;15.439167;49.159167;Vysocina;Vysocina/B2KMYS01
B2KNIN01;369;KnÌnice u Boskovic;KnÌnice u Boskovic;MSS;;SRA;SCE;;;;;;16.692288;49.537004;Jihomoravsky;Jihomoravsky/B2KNIN01
B2KOBY01;175;KobylÌ;KobylÌ;AKS1;T;SRA;SCE;;SSV;;F;;16.8814;48.9394;Jihomoravsky;Jihomoravsky/B2KOBY01
B2KORC01;305;KoryËany;KoryËany;MSS;;SRA;SCE;;;;;;17.17;49.1028;Zlinsky;Zlinsky/B2KORC01
B2KRIZ01;615;K¯iû·nky;K¯iû·nky, MoravskÈ K¯iû·nky;MSS;;SRA;SCE;;;;;;16.0667;49.6833;Vysocina;Vysocina/B2KRIZ01
B2KUCH01;334;Kucha¯ovice;Kucha¯ovice;AMS1;T;SRA;SCE;;SSV;P;F;RGLB_D;16.085278;48.881111;Jihomoravsky;Jihomoravsky/B2KUCH01
B2KURI01;291;Ku¯im;Ku¯im;MSS;;SRA;SCE;;;;;;16.5322;49.3006;Jihomoravsky;Jihomoravsky/B2KURI01
B2LANZ01;158;Lanûhot;Lanûhot;MSS;;SRA;SCE;;;;;;16.9575;48.724722;Jihomoravsky;Jihomoravsky/B2LANZ01
B2LAZT01;432;L·z;L·z;MSS;;SRA;SCE;;;;;;15.786675;49.013078;Vysocina;Vysocina/B2LAZT01
B2LEDN01;177;Lednice;Lednice;AKS2;T;SRA;SCE;;SSV;;F;;16.798895;48.792616;Jihomoravsky;Jihomoravsky/B2LEDN01
B2LETO01;334;Letovice;Letovice;MSS;;SRA;SCE;;;;;;16.5767;49.5544;Jihomoravsky;Jihomoravsky/B2LETO01
B2LISE01;688;LÌsek;LÌsek;MSS;;SRA;SCE;;;;;;16.183611;49.583611;Vysocina;Vysocina/B2LISE01
B2LUKO01;403;Lukov;Lukov;MSS;;SRA;SCE;;;;;;15.9077;48.8566;Jihomoravsky;Jihomoravsky/B2LUKO01
B2MBRA01;210;MoravskÈ Br·nice;MoravskÈ Br·nice;MSS;;SRA;SCE;;;;;;16.4494;49.0825;Jihomoravsky;Jihomoravsky/B2MBRA01
B2MBUD01;460;MoravskÈ BudÏjovice;MoravskÈ BudÏjovice;AKS2;T;SRA;SCE;;;;F;;15.8067;49.0611;Vysocina;Vysocina/B2MBUD01
B2MIKU01;224;Mikulov;Mikulov;MSS;;SRA;SCE;;;;;;16.6401;48.801911;Jihomoravsky;Jihomoravsky/B2MIKU01
B2MILE01;242;Mileöovice;Mileöovice;MSS;;SRA;SCE;;;;;;16.853889;49.083889;Jihomoravsky;Jihomoravsky/B2MILE01
B2MIRO01;238;Miroslav;Miroslav;MSS;;SRA;SCE;;;;;;16.3197;48.9442;Jihomoravsky;Jihomoravsky/B2MIRO01
B2MKRU01;255;Moravsk˝ Krumlov;Moravsk˝ Krumlov;MSS;;SRA;SCE;;;;;;16.306463;49.039908;Jihomoravsky;Jihomoravsky/B2MKRU01
B2NAMO01;390;N·mÏöù nad Oslavou;N·mÏöù nad Oslavou;ASS;;SRA;SCE;;;;;;16.15;49.2167;Vysocina;Vysocina/B2NAMO01
B2NEDV01;722;NedvÏzÌ;NedvÏzÌ;AKS1;T;SRA;SCE;;SSV;;F;;16.3097;49.6344;Pardubicky;Pardubicky/B2NEDV01
B2NEMO01;283;Nemochovice;Nemochovice;AKS2;T;SRA;SCE;;;;F;;17.1361;49.1808;Jihomoravsky;Jihomoravsky/B2NEMO01
B2NMES01;601;NovÈ MÏsto na MoravÏ;NovÈ MÏsto na MoravÏ;ASS;;SRA;SCE;;;;;;16.0689;49.5581;Vysocina;Vysocina/B2NMES01
B2NOVE01;422;Nov· Ves;Nov· Ves;ASS;;SRA;SCE;;;;;;15.7869;49.2547;Vysocina;Vysocina/B2NOVE01
B2OBOR01;425;Obora;Obora;ASS;;SRA;SCE;;;;;;16.603611;49.451667;Jihomoravsky;Jihomoravsky/B2OBOR01
B2OLES01;535;Oleönice;Oleönice;ASS;;SRA;SCE;;;;;;16.4231;49.555;Jihomoravsky;Jihomoravsky/B2OLES01
B2PAVL01;559;PavlÌnov;PavlÌnov;MSS;;SRA;SCE;;;;;;15.8772;49.3508;Vysocina;Vysocina/B2PAVL01
B2POHO01;180;Poho¯elice;Poho¯elice;AKS1;T;SRA;SCE;;SSV;;F;;16.5283;48.9844;Jihomoravsky;Jihomoravsky/B2POHO01
B2POLI01;552;PoliËka;PoliËka;ASS;;SRA;SCE;;;;;;16.269167;49.716111;Pardubicky;Pardubicky/B2POLI01
B2RADO01;512;RadostÌn;RadostÌn;ASS;;SRA;SCE;;;;;;15.9675;49.460278;Vysocina;Vysocina/B2RADO01
B2ROZS01;571;Rozst·nÌ;Rozst·nÌ;MSS;;SRA;SCE;;;;;;16.835258;49.398026;Olomoucky;Olomoucky/B2ROZS01
B2SATO01;238;äatov;äatov;ASS;;SRA;SCE;;;;;;16.020556;48.789167;Jihomoravsky;Jihomoravsky/B2SATO01
B2SEDC01;474;Sedlec;Sedlec;AMS;T;SRA;SCE;;SSV;P;F;;16.120556;49.170833;Vysocina;Vysocina/B2SEDC01
B2SEJR01;519;Sej¯ek;Sej¯ek;MSS;;SRA;SCE;;;;;;16.3103;49.4367;Vysocina;Vysocina/B2SEJR01
B2SLAB01;211;Slavkov u Brna;Slavkov u Brna;MSS;;SRA;SCE;;;;;;16.879167;49.1575;Jihomoravsky;Jihomoravsky/B2SLAB01
B2SOSU01;533;äoö˘vka;äoö˘vka;MSS;;SRA;SCE;;;;;;16.746944;49.414444;Jihomoravsky;Jihomoravsky/B2SOSU01
B2STAL01;639;Slavonice;Slavonice, St·lkov;MSS;;SRA;SCE;;;;;;15.2843;49.0292;Jihocesky;Jihocesky/B2STAL01
B2STEM01;617;ätÏmÏchy;ätÏmÏchy;MSS;;SRA;SCE;;;;;;15.7133;49.1936;Vysocina;Vysocina/B2STEM01
B2STEP01;365;ätÏp·nov nad Svratkou;ätÏp·nov nad Svratkou;MSS;;SRA;SCE;;;;;;16.3333;49.5;Vysocina;Vysocina/B2STEP01
B2STHU01;427;StarÈ HutÏ;StarÈ HutÏ;ASS;;SRA;SCE;;;;;;17.2883;49.1372;Zlinsky;Zlinsky/B2STHU01
B2STRA01;445;Str·ûek;Str·ûek;MSS;;SRA;SCE;;;;;;16.198;49.4411;Vysocina;Vysocina/B2STRA01
B2STRE01;325;St¯elice;St¯elice;ASS;;SRA;;;;;;;15.9828;48.9934;Jihomoravsky;Jihomoravsky/B2STRE01
B2SVLK01;395;Stvolov·;Stvolov·, Sk¯ib;MSS;;SRA;SCE;;;;;;16.550556;49.589167;Jihomoravsky;Jihomoravsky/B2SVLK01
B2TESA01;209;TÏöany;TÏöany;MSS;;SRA;SCE;;;;;;16.7658;49.0419;Jihomoravsky;Jihomoravsky/B2TESA01
B2TREB01;463;T¯ebÌË;T¯ebÌË, Podkl·öte¯Ì;MSS;;SRA;SCE;;;;;;15.87;49.2236;Vysocina;Vysocina/B2TREB01
B2TRES01;574;T¯eöù;T¯eöù;ASS;;SRA;SCE;;;;;;15.476111;49.293889;Vysocina;Vysocina/B2TRES01
B2TROU01;278;Troubsko;Troubsko;AKS2;T;SRA;SCE;;;;F;;16.5074;49.1745;Jihomoravsky;Jihomoravsky/B2TROU01
B2VALT01;195;Valtice;Valtice;MSS;;SRA;SCE;;;;;;16.759167;48.745833;Jihomoravsky;Jihomoravsky/B2VALT01
B2VATI01;558;VatÌn;VatÌn;AKS1;T;SRA;SCE;;SSV;;F;;15.96806;49.52306;Vysocina;Vysocina/B2VATI01
B2VBIT01;485;Velk· BÌteö;Velk· BÌteö;ASS;;SRA;SCE;;;;;;16.221;49.2918;Vysocina;Vysocina/B2VBIT01
B2VEBI01;246;Veversk· BÌt˝öka;Veversk· BÌt˝öka;MSS;;SRA;SCE;;;;;;16.4317;49.2767;Jihomoravsky;Jihomoravsky/B2VEBI01
B2VECO01;550;VÏcov;VÏcov, JimramovskÈ Pavlovice;MSS;;SRA;SCE;;;;;;16.2019;49.6153;Vysocina;Vysocina/B2VECO01
B2VIRP01;473;VÌr;VÌr;MSS;;SRA;SCE;;;;;;16.3139;49.5642;Vysocina;Vysocina/B2VIRP01
B2VMEZ01;452;VelkÈ Mezi¯ÌËÌ;VelkÈ Mezi¯ÌËÌ;AKS1;T;SRA;SCE;;SSV;;F;;16.0086;49.3528;Vysocina;Vysocina/B2VMEZ01
B2VRAN01;354;Vranov nad DyjÌ;Vranov nad DyjÌ;MSS;;SRA;SCE;;;;;;15.8186;48.9056;Jihomoravsky;Jihomoravsky/B2VRAN01
B2VSTU01;568;VysokÈ Studnice;VysokÈ Studnice;ASS;;SRA;SCE;;;;;;15.7303;49.3931;Vysocina;Vysocina/B2VSTU01
B2ZAST01;375;Zast·vka;Zast·vka;MSS;;SRA;SCE;;;;;;16.36313;49.19298;Jihomoravsky;Jihomoravsky/B2ZAST01
B2ZDAN01;238;éd·nice;éd·nice;AKS3;T;SRA;SCE;;;;;;17.025556;49.071944;Jihomoravsky;Jihomoravsky/B2ZDAN01
B2ZIDL01;183;éidlochovice;éidlochovice;MSS;;SRA;SCE;;;;;;16.6152;49.0319;Jihomoravsky;Jihomoravsky/B2ZIDL01
B4HERA01;685;Her·lec;Her·lec;ASNS;T;;;SCEa;;;;;15.960258;49.694406;Vysocina;Vysocina/B4HERA01
B4NEMO00;280;Nemochovice;Nemochovice;ASS;;;;;;;;;17.1333;49.1833;Jihomoravsky;Jihomoravsky/B4NEMO00
B4SUMR01;650;Studen·;Studen·, Sumrakov;ASNS;T;;;SCEa;;;;;15.330078;49.175992;Jihocesky;Jihocesky/B4SUMR01
B4ZITK01;705;éÌtkov·;éÌtkov·;ASNS;T;;;SCEa;;;;;17.867778;48.9925;Zlinsky;Zlinsky/B4ZITK01
C1BAVO01;416;Bavorov;Bavorov;MSS;;SRA;SCE;;;;;;14.089722;49.123889;Jihocesky;Jihocesky/C1BAVO01
C1BERN01;485;Bernartice;Bernartice;ASS;;SRA;SCE;;;;;;14.389167;49.366111;Jihocesky;Jihocesky/C1BERN01
C1BLAD01;898;Borov· Lada;Borov· Lada;AKS3;T;SRA;SCE;;;;;;13.661958;48.99055;Jihocesky;Jihocesky/C1BLAD01
C1BLAT01;452;Blatn·;Blatn·;MSS;;SRA;SCE;;;;;;13.8731;49.4333;Jihocesky;Jihocesky/C1BLAT01
C1BREZ01;493;B¯eznice;B¯eznice;ASS;;SRA;SCE;;;;;;13.9461;49.5542;Stredocesky;Stredocesky/C1BREZ01
C1BRZKTT;1154;B¯eznÌk;B¯eznÌk, HraniËnÌ slaù;TOTAL;;;SCE;;;;;;13.4892;48.9547;Plzensky;Plzensky/C1BRZKTT
C1CDVU01;588;»erven˝ Dv˘r;»erven˝ Dv˘r, Chvalöiny;MSS;;SRA;SCE;;;;;;14.2378;48.8514;Jihocesky;Jihocesky/C1CDVU01
C1CERP01;740;»ern· v PoöumavÌ;»ern· v PoöumavÌ;AKS1;T;SRA;SCE;;SSV;;F;;14.1072;48.7356;Jihocesky;Jihocesky/C1CERP01
C1FILH01;1110;Filipova Huù;Filipova Huù;ASS;;SRA;SCE;;;;;;13.52;49.03;Plzensky;Plzensky/C1FILH01
C1FILHTT;1112;Filipova Huù;Filipova Huù;TOTAL;;;;;;;;;13.5192;49.0294;Plzensky;Plzensky/C1FILHTT
C1FRAN01;726;Frantoly;Frantoly;MSS;;SRA;SCE;;;;;;14.100278;48.9825;Jihocesky;Jihocesky/C1FRAN01
C1HKVI01;1052;Horsk· Kvilda;Horsk· Kvilda;AKS3;T;SRA;SCE;;;;;;13.56502;49.053673;Plzensky;Plzensky/C1HKVI01
C1HLHO01;445;HoraûÔovick· Lhota;HoraûÔovick· Lhota;MSS;;SRA;SCE;;;;;;13.6897;49.3486;Plzensky;Plzensky/C1HLHO01
C1HLUB01;410;Hlubok· nad Vltavou;Hlubok· nad Vltavou;ASS;;SRA;SCE;;;;;;14.4356;49.0542;Jihocesky;Jihocesky/C1HLUB01
C1HUSI01;483;Husinec;Husinec;AKS1;T;SRA;SCE;;SSV;;F;;13.9883;49.0522;Jihocesky;Jihocesky/C1HUSI01
C1CHAN01;533;Chanovice;Chanovice;ASS;;SRA;SCE;;;;;;13.7194;49.4019;Plzensky;Plzensky/C1CHAN01
C1CHEL01;451;ChelËice;ChelËice;ASS;;SRA;;;;;;;14.169367;49.119265;Jihocesky;Jihocesky/C1CHEL01
C1CHUR01;1117.8;Chur·Úov;Chur·Úov;AMS1;T;SRA;SCE;;SSV;P;F;RGLB_D;13.615278;49.068333;Jihocesky;Jihocesky/C1CHUR01
C1JELE01;810;JelenÌ;JelenÌ, Nov· Pec;ASS;;SRA;;;;;;;13.8897;48.8031;Jihocesky;Jihocesky/C1JELE01
C1KATO01;412;Katovice;Katovice;MSS;;SRA;SCE;;;;;;13.831944;49.270833;Jihocesky;Jihocesky/C1KATO01
C1KEST01;381;Kest¯any;Kest¯any;ASS;;SRA;SCE;;;;;;14.0736;49.2681;Jihocesky;Jihocesky/C1KEST01
C1KHOR01;728;KaöperskÈ Hory;KaöperskÈ Hory;AKS;T;SRA;SCE;;;;F;;13.55;49.145556;Plzensky;Plzensky/C1KHOR01
C1KHUT01;1010;Kubova Huù;Kubova Huù;MSS;;SRA;SCE;;;;;;13.7722;48.9839;Jihocesky;Jihocesky/C1KHUT01
C1KNSTTT;1126;KnÌûecÌ Stolec;KnÌûecÌ Stolec;TOTAL;;;;;;;;;14.0119;48.8472;Jihocesky;Jihocesky/C1KNSTTT
C1KOCE01;519;Kocelovice;Kocelovice;AMS1;T;SRA;SCE;;SSV;P;F;RGLB_D;13.838611;49.467222;Jihocesky;Jihocesky/C1KOCE01
C1KPLATT;1018;KnÌûecÌ Pl·nÏ;KnÌûecÌ Pl·nÏ, Borov· Lada;TOTAL;;;;;;;;;13.625;48.9572;Jihocesky;Jihocesky/C1KPLATT
C1KRSI01;430;Krsice;Krsice;ASS;;SRA;SCE;;;;;;14.0725;49.484444;Jihocesky;Jihocesky/C1KRSI01
C1KTIS01;758;Ktiö;Ktiö, Tisovka;AKS2;T;SRA;SCE;;;;F;;14.1058;48.9033;Jihocesky;Jihocesky/C1KTIS01
C1KVIL01;1059;Kvilda;Kvilda;AKS3;T;SRA;SCE;;;;;;13.5792;49.0192;Jihocesky;Jihocesky/C1KVIL01
C1NALH01;495;NalûovskÈ Hory;NalûovskÈ Hory;ASS;;SRA;SCE;;;;;;13.5486;49.3347;Plzensky;Plzensky/C1NALH01
C1NEMC01;436;NÏmËice;NÏmËice;MSS;;SRA;SCE;;;;;;14.2714;49.0308;Jihocesky;Jihocesky/C1NEMC01
C1ORLV01;431;OrlÌk nad Vltavou;OrlÌk nad Vltavou;ASS;;SRA;SCE;;;;;;14.1683;49.5036;Jihocesky;Jihocesky/C1ORLV01
C1PASE01;482;Paseky;Paseky;ASS;;SRA;SCE;;;;;;14.2678;49.2497;Jihocesky;Jihocesky/C1PASE01
C1PLCHTT;1344;Plech˝;Plech˝, TrojmezÌ;TOTAL;;;;;;;;;13.851601;48.771198;Jihocesky;Jihocesky/C1PLCHTT
C1POLETT;1312;PolednÌk;PolednÌk;TOTAL;;;SCE;;;;;;13.3958;49.0642;Plzensky;Plzensky/C1POLETT
C1PRAS01;883;Pr·öily;Pr·öily;ASS;;SRA;SCE;;;;;;13.3786;49.1069;Plzensky;Plzensky/C1PRAS01
C1PRCH01;607;Prachatice;Prachatice;MSS;;SRA;SCE;;;;;;13.9944;49.0078;Jihocesky;Jihocesky/C1PRCH01
C1RADO01;570;Radoöice;Radoöice;ASS;;SRA;SCE;;;;;;13.7272;49.5322;Plzensky;Plzensky/C1RADO01
C1ROSLTT;1096;Rokytsk· slaù;Rokytsk· slaù;TOTAL;;;;;;;;;13.4167;49.0156;Plzensky;Plzensky/C1ROSLTT
C1ROZM01;538;Roûmit·l pod T¯emöÌnem;Roûmit·l pod T¯emöÌnem;AKS1;T;SRA;SCE;;SSV;P;F;;13.8664;49.605;Stredocesky;Stredocesky/C1ROZM01
C1SEDL01;511;Sedlice;Sedlice;AKS3;T;SRA;SCE;;;;;;13.9419;49.3756;Jihocesky;Jihocesky/C1SEDL01
C1SRNI01;857;SrnÌ;SrnÌ;MSS;;SRA;SCE;;;;;;13.4789;49.0869;Plzensky;Plzensky/C1SRNI01
C1STOZ01;797;Stoûec;Stoûec;MSS;;SRA;SCE;;;;;;13.821667;48.8569;Jihocesky;Jihocesky/C1STOZ01
C1STRA01;427;Strakonice;Strakonice;AKS1;T;SRA;SCE;;SSV;;F;;13.9242;49.2514;Jihocesky;Jihocesky/C1STRA01
C1STRS01;637;StraöÌn;StraöÌn;ASS;;SRA;;;;;;;13.6425;49.1797;Plzensky;Plzensky/C1STRS01
C1STRZ01;811;Str·ûn˝;Str·ûn˝;ASS;;SRA;;SCEa;;;;;13.72028;48.908822;Jihocesky;Jihocesky/C1STRZ01
C1SUSI01;484;Suöice;Suöice;MSS;;SRA;SCE;;;;;;13.5283;49.2381;Plzensky;Plzensky/C1SUSI01
C1TEME01;500;TemelÌn;TemelÌn;AMS1;T;SRA;SCE;;SSV;P;F;;14.342222;49.197778;Jihocesky;Jihocesky/C1TEME01
C1TOCH01;494;Tochovice;Tochovice;MSS;;SRA;SCE;;;;;;13.9897;49.6003;Stredocesky;Stredocesky/C1TOCH01
C1VACP01;738;Vacov;Vacov, Peckov;ASS;T;SRA;SCE;;;;F;;13.72;49.1336;Jihocesky;Jihocesky/C1VACP01
C1VIMP01;628;Vimperk;Vimperk;AKS3;T;SRA;SCE;SCEa;;;;;13.7825;49.065833;Jihocesky;Jihocesky/C1VIMP01
C1VLKO01;493;Vlkonice;Vlkonice;AKS1;T;SRA;SCE;SCEa;SSV;;F;;13.5897;49.3022;Plzensky;Plzensky/C1VLKO01
C1VOLR01;749;Volary;Volary;AKS2;T;SRA;SCE;;;;F;;13.88657;48.90881;Jihocesky;Jihocesky/C1VOLR01
C1VOLY01;448;VolynÏ;VolynÏ, Nihoöovice;ASS;;SRA;SCE;;;;;;13.8639;49.1875;Jihocesky;Jihocesky/C1VOLY01
C1VRAZ01;433;Vr·û;Vr·û;AKS1;T;SRA;SCE;;SSV;;F;;14.1289;49.3844;Jihocesky;Jihocesky/C1VRAZ01
C1ZALE01;569;Z·lezly;Z·lezly;MSS;;SRA;SCE;;;;;;13.8892;49.1078;Jihocesky;Jihocesky/C1ZALE01
C1ZAMY01;800;Z·myöl;Z·myöl;ASS;;SRA;SCE;;;;;;13.374402;49.22629;Plzensky;Plzensky/C1ZAMY01
C1ZAVI01;501;Z·viöÌn;Z·viöÌn;MSS;;SRA;SCE;;;;;;13.923056;49.487222;Jihocesky;Jihocesky/C1ZAVI01
C1ZBYT01;792;Zbytiny;Zbytiny;ASS;;SRA;SCE;;;;;;13.9889;48.9417;Jihocesky;Jihocesky/C1ZBYT01
C2BECH01;409;BechynÏ;BechynÏ;ASS;;SRA;SCE;;;;;;14.4708;49.3;Jihocesky;Jihocesky/C2BECH01
C2BENC01;665;Beneöov nad »ernou;Beneöov nad »ernou;MSS;;SRA;SCE;;;;;;14.6283;48.7311;Jihocesky;Jihocesky/C2BENC01
C2BESE01;593;Besednice;Besednice;MSS;;SRA;SCE;;;;;;14.5689;48.7958;Jihocesky;Jihocesky/C2BESE01
C2BORK01;419;Borkovice;Borkovice;AKS2;T;SRA;SCE;;;;F;;14.636825;49.207925;Jihocesky;Jihocesky/C2BORK01
C2BORS01;404;Boröov nad Vltavou;Boröov nad Vltavou;MSS;;SRA;SCE;;;;;;14.439722;48.926667;Jihocesky;Jihocesky/C2BORS01
C2BRLO01;559;Brloh;Brloh;MSS;;SRA;SCE;;;;;;14.2189;48.9269;Jihocesky;Jihocesky/C2BRLO01
C2BYNO01;475;ByÚov;ByÚov;AKS1;T;SRA;SCE;;SSV;;F;;14.799947;48.816603;Jihocesky;Jihocesky/C2BYNO01
C2CBUD01;394.6;»eskÈ BudÏjovice;»eskÈ BudÏjovice,Roûnov;AMS2;T;SRA;SCE;;SSV;P;F;RGLB_D;14.469722;48.951944;Jihocesky;Jihocesky/C2CBUD01
C2CERN01;580;»ernovice;»ernovice, Dobeöov;AKS2;T;SRA;SCE;;;;F;;14.9625;49.3575;Vysocina;Vysocina/C2CERN01
C2CKRU01;554;»esk˝ Krumlov;»esk˝ Krumlov, P¯ÌseËn·;AKS2;T;SRA;SCE;;;;F;;14.33935;48.832242;Jihocesky;Jihocesky/C2CKRU01
C2DDVO01;613;DolnÌ Dvo¯iötÏ;DolnÌ Dvo¯iötÏ;MSS;;SRA;SCE;;;;;;14.453611;48.657222;Jihocesky;Jihocesky/C2DDVO01
C2HLAS01;547;Hlasivo;Hlasivo;AKS2;T;SRA;SCE;;SSV;;F;;14.7561;49.4981;Jihocesky;Jihocesky/C2HLAS01
C2HRNH01;479;Hranice;Hranice;MSS;;SRA;SCE;;;;;;14.8494;48.8181;Jihocesky;Jihocesky/C2HRNH01
C2CHLT01;462;Chlum u T¯ebonÏ;Chlum u T¯ebonÏ;ASS;;SRA;SCE;;;;;;14.9358;48.9578;Jihocesky;Jihocesky/C2CHLT01
C2CHYN01;492;Ch˝nov;Ch˝nov;MSS;;SRA;SCE;;;;;;14.810556;49.414167;Jihocesky;Jihocesky/C2CHYN01
C2JHRA01;524;Jind¯ich˘v Hradec;Jind¯ich˘v Hradec, DÏbolÌn;AKS1;T;SRA;SCE;;SSV;;F;;14.9575;49.1556;Jihocesky;Jihocesky/C2JHRA01
C2JIST01;580;Jistebnice;Jistebnice;MSS;;SRA;SCE;;;;;;14.529167;49.484444;Jihocesky;Jihocesky/C2JIST01
C2KAML01;557;Kamenice nad Lipou;Kamenice nad Lipou, Vodn·;ASS;;SRA;SCE;;;;;;15.0633;49.2831;Vysocina;Vysocina/C2KAML01
C2KARD01;450;Kardaöova ÿeËice;Kardaöova ÿeËice;MSS;;SRA;SCE;;;;;;14.8558;49.1864;Jihocesky;Jihocesky/C2KARD01
C2KOVA01;529;Kov·¯ov;Kov·¯ov;MSS;;SRA;SCE;;;;;;14.2783;49.5172;Jihocesky;Jihocesky/C2KOVA01
C2KREM01;524;K¯emûe;K¯emûe, M¯ÌË;AKS3;T;SRA;SCE;;;;;;14.3028;48.9064;Jihocesky;Jihocesky/C2KREM01
C2LEDE01;496;Ledenice;Ledenice;MSS;;SRA;SCE;;;;;;14.618333;48.933333;Jihocesky;Jihocesky/C2LEDE01
C2LIPC01;469;Lipnice;Lipnice;MSS;;SRA;SCE;;;;;;14.764722;48.910556;Jihocesky;Jihocesky/C2LIPC01
C2LIPN01;730;Lipno;Lipno;MSS;;SRA;SCE;;;;;;14.2383;48.6336;Jihocesky;Jihocesky/C2LIPN01
C2LODH01;526;LodhÈ¯ov;LodhÈ¯ov;MSS;;SRA;SCE;;;;;;14.9625;49.2133;Jihocesky;Jihocesky/C2LODH01
C2MALO01;694;Malonty;Malonty;MSS;;SRA;SCE;;;;;;14.5803;48.6856;Jihocesky;Jihocesky/C2MALO01
C2MILE01;442;Milevsko;Milevsko;MSS;;SRA;SCE;;;;;;14.3706;49.4517;Jihocesky;Jihocesky/C2MILE01
C2NADV01;616;NadÏjkov;NadÏjkov, VÏtrov;AKS1;T;SRA;SCE;;SSV;;F;;14.4653;49.5169;Jihocesky;Jihocesky/C2NADV01
C2NBYS01;583;Nov· Byst¯ice;Nov· Byst¯ice;ASS;;SRA;SCE;;;;;;15.1;49.0189;Jihocesky;Jihocesky/C2NBYS01
C2NETR01;616;Net¯ebice;Net¯ebice;ASS;;SRA;SCE;;;;;;14.4561;48.7931;Jihocesky;Jihocesky/C2NETR01
C2NVCE01;509;Nov· VËelnice;Nov· VËelnice;MSS;;SRA;SCE;;;;;;15.068611;49.223056;Jihocesky;Jihocesky/C2NVCE01
C2OLSI01;495;OlöÌ;OlöÌ;ASS;;SRA;SCE;;;;;;14.51;49.436389;Jihocesky;Jihocesky/C2OLSI01
C2PASC01;848;PaseËn·;PaseËn·, P¯ednÌ V˝toÚ;MSS;;SRA;SCE;;;;;;14.107778;48.610833;Jihocesky;Jihocesky/C2PASC01
C2PLAL01;425;Plan· nad LuûnicÌ;Plan· nad LuûnicÌ;MSS;;SRA;SCE;;;;;;14.7141;49.3426;Jihocesky;Jihocesky/C2PLAL01
C2POCA01;618;PoË·tky;PoË·tky;AKS2;T;SRA;SCE;;;;F;;15.2342;49.2606;Vysocina;Vysocina/C2POCA01
C2POHSTT;932;Poho¯Ì na äumavÏ;Poho¯Ì na äumavÏ;TOTAL;;;;;;;;;14.7028;48.6044;Jihocesky;Jihocesky/C2POHSTT
C2PRID01;653;P¯ÌdolÌ;P¯ÌdolÌ;MSS;;SRA;SCE;;;;;;14.3608;48.7831;Jihocesky;Jihocesky/C2PRID01
C2PVES01;773;Pohorsk· Ves;Pohorsk· Ves;ASS;;SRA;SCE;;;;;;14.649167;48.670278;Jihocesky;Jihocesky/C2PVES01
C2ROZS01;627;Roûmit·l na äumavÏ;Roûmit·l na äumavÏ;MSS;;SRA;SCE;;;;;;14.391111;48.697778;Jihocesky;Jihocesky/C2ROZS01
C2RUDJ01;562;Rudolfov;Rudolfov, Jivno;MSS;;SRA;SCE;;;;;;14.579722;49.003611;Jihocesky;Jihocesky/C2RUDJ01
C2SEVE01;501;äevÏtÌn;äevÏtÌn;MSS;;SRA;SCE;;;;;;14.566111;49.101389;Jihocesky;Jihocesky/C2SEVE01
C2SHUT01;792;StarÈ HutÏ;StarÈ HutÏ;ASS;;SRA;SCE;;;;;;14.7158;48.7178;Jihocesky;Jihocesky/C2SHUT01
C2SLAV01;777;Slavkov;Slavkov;MSS;;SRA;SCE;;;;;;14.2433;48.7642;Jihocesky;Jihocesky/C2SLAV01
C2SOBN01;526;SobÏnov;SobÏnov;MSS;;SRA;SCE;;;;;;14.5344;48.7469;Jihocesky;Jihocesky/C2SOBN01
C2STRM01;582;Strmilov;Strmilov;ASS;;SRA;SCE;;;;;;15.2064;49.1631;Jihocesky;Jihocesky/C2STRM01
C2STRN01;478;Str·û nad Neû·rkou;Str·û nad Neû·rkou;ASS;;SRA;SCE;;;;;;14.9136;49.0675;Jihocesky;Jihocesky/C2STRN01
C2SUCH01;457;Suchdol nad LuûnicÌ;Suchdol nad LuûnicÌ;MSS;;SRA;SCE;;;;;;14.8669;48.8928;Jihocesky;Jihocesky/C2SUCH01
C2TABO01;467;T·bor;T·bor, MÏöice;AKS1;T;SRA;SCE;;SSV;;F;;14.70324;49.40527;Jihocesky;Jihocesky/C2TABO01
C2TREB01;428;T¯eboÚ;T¯eboÚ, Luûnice;AKS2;T;SRA;SCE;;SSV;;F;;14.7586;49.0622;Jihocesky;Jihocesky/C2TREB01
C2TRHS01;468;TrhovÈ Sviny;TrhovÈ Sviny;ASS;;SRA;;;;;;;14.6378;48.8433;Jihocesky;Jihocesky/C2TRHS01
C2TUCA01;454;TuËapy;TuËapy;MSS;;SRA;SCE;;;;;;14.8017;49.2919;Jihocesky;Jihocesky/C2TUCA01
C2VBRO01;559;VyööÌ Brod;VyööÌ Brod;AKS1;T;SRA;SCE;;SSV;;F;;14.3144;48.6175;Jihocesky;Jihocesky/C2VBRO01
C4JAPI01;1062;Pr·öily;Pr·öily, Javo¯Ì Pila;ASNS;T;;SCE;SCEa;;;;;13.421341;49.036142;Plzensky;Plzensky/C4JAPI01
C4KEPZ01;928;KepelskÈ Zh˘¯Ì;KepelskÈ Zh˘¯Ì;ASNS;T;;SCE;SCEa;;;;;13.316389;49.183611;Plzensky;Plzensky/C4KEPZ01
C4STHU01;780;StarÈ HutÏ;StarÈ HutÏ;ASNS;T;;SCE;SCEa;;;;;14.706464;48.71085;Jihocesky;Jihocesky/C4STHU01
C4VETR01;1157;VÏt¯Ìn;VÏt¯Ìn;ASNS;T;;SCE;SCEa;;;;;13.836944;48.978611;Jihocesky;Jihocesky/C4VETR01
C4ZBYT01;792;Zbytiny;Zbytiny, Sp·lenec;ASNS;T;;SCE;SCEa;;;;;13.969167;48.925833;Jihocesky;Jihocesky/C4ZBYT01
C4ZLST01;1197;Zlat˝ stoleËek;Zlat˝ stoleËek;ASNS;T;;SCE;SCEa;;;;;13.336389;49.104444;Plzensky;Plzensky/C4ZLST01
H1BILA01;322;BÌl· T¯emeön·;BÌl· T¯emeön·;MSS;;SRA;SCE;;;;;;15.766135;50.457596;Kralovehradecky;Kralovehradecky/H1BILA01
H1CDUL01;715;»ern˝ D˘l;»ern˝ D˘l;ASS;;SRA;;;;;;;15.712563;50.648678;Kralovehradecky;Kralovehradecky/H1CDUL01
H1CSKL01;290;»esk· Skalice;»esk· Skalice, Rozkoö;AKS2;T;SRA;SCE;;;;F;;16.061111;50.363056;Kralovehradecky;Kralovehradecky/H1CSKL01
H1DDVU01;560;DolnÌ Dv˘r;DolnÌ Dv˘r, Rudolfov;ASS;;SRA;SCE;;;;;;15.655815;50.654592;Kralovehradecky;Kralovehradecky/H1DDVU01
H1HMAR01;585;HornÌ Maröov;HornÌ Maröov;ASS;;SRA;SCE;;;;;;15.818973;50.654577;Kralovehradecky;Kralovehradecky/H1HMAR01
H1HORI01;271;Ho¯inÏves;Ho¯inÏves;MSS;;SRA;SCE;;;;;;15.7653;50.3069;Kralovehradecky;Kralovehradecky/H1HORI01
H1HOST01;356;HostinnÈ;HostinnÈ;ASS;;SRA;SCE;;;;;;15.739915;50.522919;Kralovehradecky;Kralovehradecky/H1HOST01
H1LBOU01;1320;Labsk· bouda;Labsk· bouda;AKS1;T;SRA;SCE;;SSV;;F;RGLB_D;15.544927;50.769883;Kralovehradecky;Kralovehradecky/H1LBOU01
H1LUCB01;1413;LuËnÌ bouda;LuËnÌ bouda;AKS1;T;SRA;SCE;SCEa;SSV;;F;RGLB_D;15.697859;50.735318;Kralovehradecky;Kralovehradecky/H1LUCB01
H1NACH01;336;N·chod;N·chod;MSS;;SRA;SCE;;;;;;16.157201;50.395208;Kralovehradecky;Kralovehradecky/H1NACH01
H1PECS01;816.3;Pec pod SnÏûkou;Pec pod SnÏûkou;AMS1;T;SRA;SCE;;SSV;P;F;;15.728889;50.691944;Kralovehradecky;Kralovehradecky/H1PECS01
H1POLI01;446;Police nad MetujÌ;Police nad MetujÌ;ASS;;SRA;SCE;;;;;;16.237511;50.537805;Kralovehradecky;Kralovehradecky/H1POLI01
H1POMB01;1050;PomeznÌ boudy;PomeznÌ boudy, HornÌ Mal· ⁄pa;ASS;;SRA;SCE;;;;;;15.82027;50.745472;Kralovehradecky;Kralovehradecky/H1POMB01
H1STRA01;785;Str·ûnÈ;Str·ûnÈ;ASS;;SRA;SCE;;;;;;15.614722;50.663611;Kralovehradecky;Kralovehradecky/H1STRA01
H1TEPL01;460;Teplice nad MetujÌ;Teplice nad MetujÌ;MSS;;SRA;SCE;;;;;;16.172543;50.578941;Kralovehradecky;Kralovehradecky/H1TEPL01
H1TEPZ01;531;Teplice nad MetujÌ;Teplice nad MetujÌ ZdoÚov;AKS2;T;SRA;SCE;;;;F;;16.147285;50.641099;Kralovehradecky;Kralovehradecky/H1TEPZ01
H1TRUT01;437;Trutnov;Trutnov;AKS3;T;SRA;SCE;;;;;;15.898311;50.558597;Kralovehradecky;Kralovehradecky/H1TRUT01
H1UPIC01;413;⁄pice;⁄pice;AKS1;T;SRA;SCE;;SSV;;F;;16.011618;50.506419;Kralovehradecky;Kralovehradecky/H1UPIC01
H1VELI01;299;Velichovky;Velichovky;AKS2;T;SRA;SCE;;;;F;;15.832503;50.356612;Kralovehradecky;Kralovehradecky/H1VELI01
H1VRCH01;482;VrchlabÌ;VrchlabÌ;AKS1;T;SRA;SCE;;SSV;P;F;;15.646389;50.622778;Kralovehradecky;Kralovehradecky/H1VRCH01
H1ZACL01;644;éaclÈ¯;éaclÈ¯;AKS2;T;SRA;SCE;;;;F;;15.907098;50.661205;Kralovehradecky;Kralovehradecky/H1ZACL01
H2BELC01;247;BÏleË nad OrlicÌ;BÏleË nad OrlicÌ;MSS;;SRA;SCE;;;;;;15.94687;50.186901;Kralovehradecky;Kralovehradecky/H2BELC01
H2BILU01;319;BÌl˝ ⁄jezd;BÌl˝ ⁄jezd, Hroöka;ASS;;SRA;SCE;;;;;;16.209938;50.234904;Kralovehradecky;Kralovehradecky/H2BILU01
H2BORH01;254;Borohr·dek;Borohr·dek;AKS2;T;SRA;SCE;;;;F;;16.086691;50.105254;Kralovehradecky;Kralovehradecky/H2BORH01
H2CMEZ01;255;»eskÈ Mezi¯ÌËÌ;»eskÈ Mezi¯ÌËÌ;ASS;;SRA;SCE;;;;;;16.041312;50.282295;Kralovehradecky;Kralovehradecky/H2CMEZ01
H2DEST01;656;DeötnÈ v Orlic. hor·ch;DeötnÈ v Orlic. hor·ch;AKS1;T;SRA;SCE;;SSV;;F;;16.351959;50.306667;Kralovehradecky;Kralovehradecky/H2DEST01
H2DOBN01;627;Dob¯any;Dob¯any;MSS;;SRA;SCE;;;;;;16.281744;50.322178;Kralovehradecky;Kralovehradecky/H2DOBN01
H2CHOC01;282;ChoceÚ;ChoceÚ;ASS;;SRA;SCE;;;;;;16.200903;50.009544;Pardubicky;Pardubicky/H2CHOC01
H2KRAL01;538;Kr·lÌky;Kr·lÌky;AKS1;T;SRA;SCE;;SSV;;F;;16.73475;50.08289;Pardubicky;Pardubicky/H2KRAL01
H2LETO01;427;Letohrad;Letohrad;MSS;;;;;;;;;16.48707;50.03782;Pardubicky;Pardubicky/H2LETO01
H2LUIS01;875;Luisino ˙dolÌ;Luisino ˙dolÌ, DeötnÈ v Orlick˝ch hor·ch;ASS;;SRA;SCE;;;;;;16.38829;50.287003;Kralovehradecky;Kralovehradecky/H2LUIS01
H2OLES01;740;Oleönice;Oleönice, »ih·lka;ASS;;SRA;;;;;;;16.352829;50.374902;Kralovehradecky;Kralovehradecky/H2OLES01
H2OLVO01;670;Oleönice;Oleönice, Vod·rna;ASS;;SRA;;;;;;;16.328611;50.365556;Kralovehradecky;Kralovehradecky/H2OLVO01
H2ORLI01;570;OrliËky;OrliËky;ASS;;SRA;SCE;;;;;;16.667424;50.026453;Pardubicky;Pardubicky/H2ORLI01
H2ORLZ01;690;OrlickÈ Z·ho¯Ì;OrlickÈ Z·ho¯Ì;MSS;;SRA;SCE;;;;;;16.468455;50.280707;Kralovehradecky;Kralovehradecky/H2ORLZ01
H2POLO01;747.24;Polom;Polom, SedloÚov;AMS;T;SRA;SCE;;SSV;P;F;;16.322222;50.350278;Kralovehradecky;Kralovehradecky/H2POLO01
H2ROKY01;577;Rokytnice v Orlic.hor·ch;Rokytnice v Orlic.hor·ch;AKS1;T;SRA;SCE;;SSV;;F;;16.460258;50.164432;Kralovehradecky;Kralovehradecky/H2ROKY01
H2RYCH01;335;Rychnov nad KnÏûnou;Rychnov nad KnÏûnou;AKS1;T;SRA;SCE;;SSV;;F;;16.270033;50.164879;Kralovehradecky;Kralovehradecky/H2RYCH01
H2SLAZ01;401;Slatina nad ZdobnicÌ;Slatina nad ZdobnicÌ;ASS;;SRA;SCE;;;;;;16.3875;50.1375;Kralovehradecky;Kralovehradecky/H2SLAZ01
H2USTI01;401.7;⁄stÌ nad OrlicÌ;⁄stÌ nad OrlicÌ;AMS1;T;SRA;SCE;;SSV;P;F;;16.422222;49.980278;Pardubicky;Pardubicky/H2USTI01
H2ZAMB01;405;éamberk;éamberk;AKS2;T;SRA;SCE;;SSV;;F;;16.45477;50.069195;Pardubicky;Pardubicky/H2ZAMB01
H2ZDOB01;671;Zdobnice;Zdobnice;ASS;;SRA;SCE;;;;;;16.408505;50.247678;Kralovehradecky;Kralovehradecky/H2ZDOB01
H3BAHN01;420;Bahno;Bahno;ASS;;SRA;SCE;;;;;;15.234033;49.866846;Stredocesky;Stredocesky/H3BAHN01
H3BEST01;333;BÏstvina;BÏstvina, Pa¯Ìûov;MSS;;SRA;SCE;;;;;;15.569633;49.829595;Pardubicky;Pardubicky/H3BEST01
H3BROU01;373;Broumov;Broumov;AKS1;T;SRA;SCE;;SSV;;F;;16.343617;50.569966;Kralovehradecky;Kralovehradecky/H3BROU01
H3CASL01;251;»·slav;»·slav, NovÈ mÏsto;AKS3;T;SRA;SCE;;;;;;15.394281;49.901675;Stredocesky;Stredocesky/H3CASL01
H3DOBC01;275;Dob¯enice;Dob¯enice;MSS;;SRA;SCE;;;;;;15.638309;50.143231;Kralovehradecky;Kralovehradecky/H3DOBC01
H3DYMO01;208;Dymokury;Dymokury;ASS;;SRA;SCE;;;;;;15.201165;50.248346;Stredocesky;Stredocesky/H3DYMO01
H3GAJE01;515;Gajer;Gajer, Janov;AKS1;T;SRA;SCE;;SSV;;F;;16.410023;49.821051;Pardubicky;Pardubicky/H3GAJE01
H3HAMR01;605;Hamry;Hamry;MSS;;SRA;SCE;;;;;;15.914045;49.738323;Pardubicky;Pardubicky/H3HAMR01
H3HERM01;275;He¯man˘v MÏstec;He¯man˘v MÏstec;ASS;;SRA;SCE;;;;;;15.673986;49.946639;Pardubicky;Pardubicky/H3HERM01
H3HOLO01;321;Holovousy;Holovousy;AKS1;T;SRA;SCE;;SSV;;F;;15.57805;50.376952;Kralovehradecky;Kralovehradecky/H3HOLO01
H3HRAD01;278;Hradec Kr·lovÈ;Hradec Kr·lovÈ, Nov˝ Hradec Kr·lovÈ;AKS1;T;SRA;SCE;;SSV;P;F;RGLB_D;15.838452;50.177649;Kralovehradecky;Kralovehradecky/H3HRAD01
H3HRTY01;241;Hroch˘v T˝nec;Hroch˘v T˝nec;ASS;;SRA;SCE;;;;;;15.909774;49.962057;Pardubicky;Pardubicky/H3HRTY01
H3HRUS01;291;Hruöov·;Hruöov·;AKS1;T;SRA;SCE;;SSV;;F;;16.19522;49.916517;Pardubicky;Pardubicky/H3HRUS01
H3CHLM01;213;Chlumec nad Cidlinou;Chlumec nad Cidlinou, LuËice;MSS;;SRA;SCE;;;;;;15.462251;50.137135;Kralovehradecky;Kralovehradecky/H3CHLM01
H3CHTU01;238.2;Chotusice;Chotusice, letiötÏ;AMS;T;SRA;SCE;;SSV;P;F;;15.386389;49.940833;Stredocesky;Stredocesky/H3CHTU01
H3JICI01;283;JiËÌn;JiËÌn;AKS1;T;SRA;SCE;;SSV;P;F;;15.352626;50.439511;Kralovehradecky;Kralovehradecky/H3JICI01
H3KONA01;209;Kon·rovice;Kon·rovice;ASS;;SRA;SCE;;;;;;15.284988;50.03844;Stredocesky;Stredocesky/H3KONA01
H3KRIZ01;432;K¯iûanovice;K¯iûanovice;MSS;;SRA;SCE;;;;;;15.774205;49.865999;Pardubicky;Pardubicky/H3KRIZ01
H3KRUC01;559;Krucemburk;Krucemburk;MSS;;SRA;SCE;;;;;;15.844811;49.688077;Vysocina;Vysocina/H3KRUC01
H3KUTH01;260;Kutn· Hora;Kutn· Hora, Sedlec;MSS;;SRA;SCE;;;;;;15.288261;49.965934;Stredocesky;Stredocesky/H3KUTH01
H3LBEL01;299;L·znÏ BÏlohrad;L·znÏ BÏlohrad;AKS2;T;SRA;SCE;;;;F;;15.588567;50.427437;Kralovehradecky;Kralovehradecky/H3LBEL01
H3LIBA01;240;Lib·Ú;Lib·Ú;ASS;;SRA;SCE;;;;;;15.214447;50.370822;Kralovehradecky;Kralovehradecky/H3LIBA01
H3LIBC01;425;Libice nad Doubravou;Libice nad Doubravou;AKS2;T;SRA;SCE;;;;F;;15.704862;49.744164;Vysocina;Vysocina/H3LIBC01
H3LICO01;335;LicomÏ¯ice;LicomÏ¯ice;MSS;;SRA;SCE;;;;;;15.551646;49.914705;Pardubicky;Pardubicky/H3LICO01
H3LUBN01;560;Lubn·;Lubn·;ASS;;SRA;SCE;;;;;;16.190554;49.773006;Pardubicky;Pardubicky/H3LUBN01
H3MOKO01;255;MokoöÌn;MokoöÌn;AKS1;T;SRA;SCE;;SSV;;F;;15.56668;50.016395;Pardubicky;Pardubicky/H3MOKO01
H3NBYD01;232;Nov˝ Bydûov;Nov˝ Bydûov;AKS2;T;SRA;SCE;;;;F;;15.497443;50.237553;Kralovehradecky;Kralovehradecky/H3NBYD01
H3NECH01;245;Nechanice - Lubno;Nechanice - Lubno;MSS;;SRA;SCE;;;;;;15.659823;50.242972;Kralovehradecky;Kralovehradecky/H3NECH01
H3NHRA01;400;NovÈ Hrady;NovÈ Hrady;ASS;;SRA;SCE;;;;;;16.147668;49.850201;Pardubicky;Pardubicky/H3NHRA01
H3PARD01;224.21;Pardubice;Pardubice, letiötÏ;AMS;T;SRA;SCE;;SSV;P;F;;15.740273;50.016111;Pardubicky;Pardubicky/H3PARD01
H3PODE01;189;PodÏbrady;PodÏbrady;AKS1;T;SRA;SCE;;SSV;;F;;15.133554;50.140503;Stredocesky;Stredocesky/H3PODE01
H3RADO01;227;Radovesnice II.;Radovesnice II.;AKS2;T;SRA;SCE;;;;F;;15.368164;50.106526;Stredocesky;Stredocesky/H3RADO01
H3SECA01;529;SeË;SeË;AKS1;T;SRA;SCE;;SSV;;F;;15.6479;49.844725;Pardubicky;Pardubicky/H3SECA01
H3SKUT01;457;SkuteË;SkuteË;AKS2;T;SRA;SCE;;;;F;;15.996153;49.834947;Pardubicky;Pardubicky/H3SKUT01
H3SLAT01;254;Slatiny;Slatiny, MilÌËeves;ASS;;SRA;SCE;;;;;;15.393348;50.379018;Kralovehradecky;Kralovehradecky/H3SLAT01
H3SVOD01;240;Hradec Kr·lovÈ;Hradec Kr·lovÈ, SvobodnÈ Dvory;AKS1;T;SRA;SCE;;SSV;;F;;15.787769;50.222602;Kralovehradecky;Kralovehradecky/H3SVOD01
H3SVRA01;734;Svratouch;Svratouch;AMS1;T;SRA;SCE;;SSV;P;F;RGLB_D;16.034167;49.735;Pardubicky;Pardubicky/H3SVRA01
H3TRST01;435;TrstÏnice;TrstÏnice;MSS;;SRA;SCE;;;;;;16.341265;49.807087;Pardubicky;Pardubicky/H3TRST01
H3VMYT01;278;VysokÈ M˝to;VysokÈ M˝to;MSS;;SRA;SCE;;;;;;16.167796;49.962009;Pardubicky;Pardubicky/H3VMYT01
H3VYSC01;548;VysoËina;VysoËina, JanËou¯;MSS;;SRA;SCE;;;;;;15.822131;49.755424;Pardubicky;Pardubicky/H3VYSC01
H3ZBYS01;490;Zb˝öov;Zb˝öov, DobrovÌtov;AKS2;T;SRA;SCE;;;;F;;15.329835;49.78686;Stredocesky;Stredocesky/H3ZBYS01
H3ZEHU01;204;éehuÚ;éehuÚ;MSS;;SRA;SCE;;;;;;15.287765;50.133757;Stredocesky;Stredocesky/H3ZEHU01
H4DDHP01;875;DolnÌ Dv˘r;DolnÌ Dv˘r, Hanapetrova paseka;ASNS;T;;;SCEa;;;;;15.654731;50.676074;Kralovehradecky;Kralovehradecky/H4DDHP01
H4LUIS01;875;Luisino ˙dolÌ;Luisino ˙dolÌ, DeötnÈ v Orlick˝ch hor·ch;ASNS;T;;;SCEa;;;;;16.38829;50.287003;Kralovehradecky;Kralovehradecky/H4LUIS01
H4SUVR01;995;Such˝ vrch;Such˝ vrch;ASNS;T;;;SCEa;;;;;16.693368;50.049859;Pardubicky;Pardubicky/H4SUVR01
H7SNEZ01;1602;SnÏûka;SnÏûka, Poötovna;AMS3;;;;;;;;;15.740278;50.735833;Kralovehradecky;Kralovehradecky/H7SNEZ01
L1BORO01;651;Borovno;Borovno, MÌöov;ASS;;SRA;;;;;;;13.727867;49.623944;Plzensky;Plzensky/L1BORO01
L1CACH01;729;»achrov;»achrov;ASS;;SRA;SCE;;;;;;13.301694;49.264136;Plzensky;Plzensky/L1CACH01
L1CERCTT;1016;»erchov;»erchov, »erchov;TOTAL;;;;;;;;;12.785182;49.384633;Plzensky;Plzensky/L1CERCTT
L1CKUB01;549;»esk· Kubice;»esk· Kubice;ASS;;SRA;SCE;;;;;;12.857804;49.367941;Plzensky;Plzensky/L1CKUB01
L1DNES01;370;Dneöice;Dneöice;MSS;;SRA;SCE;;;;;;13.267176;49.601684;Plzensky;Plzensky/L1DNES01
L1DOMA01;458;Domaûlice;Domaûlice;AKS1;T;SRA;SCE;;;;F;;12.922385;49.444716;Plzensky;Plzensky/L1DOMA01
L1HOJS01;866;éelezn· Ruda;éelezn· Ruda, Hojsova Str·û;AKS1;T;SRA;SCE;SCEa;SSV;;F;;13.197146;49.212473;Plzensky;Plzensky/L1HOJS01
L1HTYN01;374;Horöovsk˝ T˝n;Horöovsk˝ T˝n;ASS;;SRA;SCE;;;;;;12.943746;49.528213;Plzensky;Plzensky/L1HTYN01
L1CHUD01;490;Chudenice;Chudenice;ASS;;SRA;SCE;;;;;;13.176421;49.465452;Plzensky;Plzensky/L1CHUD01
L1JEZHTT;1343;JezernÌ hora;JezernÌ hora;TOTAL;;;;;;;;;13.184692;49.168686;Plzensky;Plzensky/L1JEZHTT
L1KDYN01;475;KdynÏ;KdynÏ;MSS;;SRA;SCE;;;;;;13.045733;49.393642;Plzensky;Plzensky/L1KDYN01
L1KLAT01;421;Klatovy;Klatovy;AKS1;T;SRA;SCE;;SSV;;F;;13.303016;49.39042;Plzensky;Plzensky/L1KLAT01
L1LIBK01;574;Libkov;Libkov;MSS;;SRA;SCE;;;;;;13.135593;49.366344;Plzensky;Plzensky/L1LIBK01
L1LOVC01;597;LovËice;LovËice, Kvasetice;ASS;;SRA;SCE;;;;;;13.493545;49.402384;Plzensky;Plzensky/L1LOVC01
L1LUZA01;358;Luûany;Luûany;MSS;;SRA;SCE;;;;;;13.317522;49.54908;Plzensky;Plzensky/L1LUZA01
L1MARATT;782;Mar·sek;Mar·sek, Mar·sek na B˘rku;TOTAL;;;;;;;;;13.73075;49.58855;Plzensky;Plzensky/L1MARATT
L1NEPO01;471;Nepomuk;Nepomuk;AKS1;T;SRA;SCE;;SSV;;F;;13.589389;49.486924;Plzensky;Plzensky/L1NEPO01
L1NETU01;464;Netunice;Netunice;MSS;;SRA;SCE;;;;;;13.432035;49.61559;Plzensky;Plzensky/L1NETU01
L1NEZV01;371;NezvÏstice;NezvÏstice;ASS;;SRA;SCE;;;;;;13.528521;49.635765;Plzensky;Plzensky/L1NEZV01
L1NYRS01;451;N˝rsko;N˝rsko;MSS;;SRA;SCE;;;;;;13.145794;49.294244;Plzensky;Plzensky/L1NYRS01
L1PANCTT;1189;PancÌ¯;PancÌ¯;TOTAL;;;;;;;;;13.252276;49.17722;Plzensky;Plzensky/L1PANCTT
L1PIVO01;619;PivoÚ;PivoÚ;ASS;;SRA;;;;;;;12.741932;49.490754;Plzensky;Plzensky/L1PIVO01
L1PLMI01;359.8;PlzeÚ;PlzeÚ, Mikulka;AMS1;T;SRA;SCE;;SSV;P;F;RGLB_D;13.378889;49.764722;Plzensky;Plzensky/L1PLMI01
L1PLZB01;331;PlzeÚ;PlzeÚ, Bolevec;AKS1;T;SRA;SCE;;SSV;;F;;13.386411;49.788378;Plzensky;Plzensky/L1PLZB01
L1SEC001;398;SeË;SeË;MSS;;SRA;SCE;;;;;;13.506002;49.587397;Plzensky;Plzensky/L1SEC001
L1SPIC01;945;éelezn· Ruda;éelezn· Ruda, äpiË·k;MSS;;SRA;SCE;;;;;;13.231136;49.177061;Plzensky;Plzensky/L1SPIC01
L1SPOR01;420;Sp·lenÈ Po¯ÌËÌ;Sp·lenÈ Po¯ÌËÌ;MSS;;SRA;SCE;;;;;;13.604538;49.615175;Plzensky;Plzensky/L1SPOR01
L1STAN01;362;StaÚkov;StaÚkov;AKS1;T;SRA;SCE;;SSV;;F;;13.067369;49.552537;Plzensky;Plzensky/L1STAN01
L1STOD01;337;Stod;Stod;ASS;;SRA;;;;;;;13.166901;49.639696;Plzensky;Plzensky/L1STOD01
L1STRA01;477;Str·ûov;Str·ûov;MSS;;SRA;SCE;;;;;;13.246905;49.30562;Plzensky;Plzensky/L1STRA01
L1TRHA01;471;Trhanov;Trhanov, Chodov;MSS;;SRA;SCE;;;;;;12.83535;49.41688;Plzensky;Plzensky/L1TRHA01
L1VSER01;445;Vöeruby;Vöeruby;MSS;;SRA;SCE;;;;;;12.984558;49.343917;Plzensky;Plzensky/L1VSER01
L1ZINK01;459;éinkovy;éinkovy;MSS;;SRA;SCE;;;;;;13.497252;49.478113;Plzensky;Plzensky/L1ZINK01
L1ZIVO01;484;éivotice;éivotice;MSS;;SRA;SCE;;;;;;13.681495;49.470036;Plzensky;Plzensky/L1ZIVO01
L1ZRUD01;754;éelezn· Ruda;éelezn· Ruda;ASS;;SRA;SCE;;;;;;13.228729;49.138245;Plzensky;Plzensky/L1ZRUD01
L2BELA01;511;éelezn·;éelezn·;ASS;;SRA;;;;;;;12.581084;49.583431;Plzensky;Plzensky/L2BELA01
L2BEZV01;699;BezvÏrov;BezvÏrov;ASS;;SRA;SCE;;;;;;13.054363;49.993664;Plzensky;Plzensky/L2BEZV01
L2BORT01;471;Bor;Bor;MSS;;SRA;SCE;;;;;;12.770725;49.710653;Plzensky;Plzensky/L2BORT01
L2DARM01;442;StarÈ Sedlo;StarÈ Sedlo, Darmyöl;ASS;;SRA;SCE;;;;;;12.879505;49.643292;Plzensky;Plzensky/L2DARM01
L2DOBR01;417;Dob¯Ìv;Dob¯Ìv;MSS;;SRA;SCE;;;;;;13.689215;49.717616;Plzensky;Plzensky/L2DOBR01
L2DYLE01;939;DyleÚ;DyleÚ;AKS2;T;SRA;SCE;;;;F;;12.502849;49.968079;Karlovarsky;Karlovarsky/L2DYLE01
L2HBEL01;513;HornÌ BÏl·;HornÌ BÏl·, Vrtbo;MSS;;SRA;SCE;;;;;;13.248312;49.884347;Plzensky;Plzensky/L2HBEL01
L2HERM01;407;He¯manov;He¯manov;AKS2;T;SRA;SCE;;;;F;;13.57133;50.148529;Stredocesky;Stredocesky/L2HERM01
L2HOLO01;433;Holoubkov;Holoubkov, Medov˝ ⁄jezd;MSS;;SRA;SCE;;;;;;13.71137;49.77498;Plzensky;Plzensky/L2HOLO01
L2HROM01;336;Hromnice;Hromnice;MSS;;SRA;SCE;;;;;;13.445309;49.848142;Plzensky;Plzensky/L2HROM01
L2KONL01;530;Konstantinovy L·znÏ;Konstantinovy L·znÏ;AKS1;T;SRA;SCE;;SSV;;F;;12.975956;49.884787;Plzensky;Plzensky/L2KONL01
L2KOUN01;418;Kounov;Kounov;ASS;;SRA;;;;;;;13.672193;50.214902;Stredocesky;Stredocesky/L2KOUN01
L2KRAL01;449;Kralovice;Kralovice;AKS1;T;SRA;SCE;;SSV;;F;;13.494007;49.981823;Plzensky;Plzensky/L2KRAL01
L2KRAU01;650;Kr·snÈ ⁄dolÌ;Kr·snÈ ⁄dolÌ;AKS1;T;SRA;SCE;SCEa;SSV;;F;;12.920958;50.071286;Karlovarsky;Karlovarsky/L2KRAU01
L2KVES01;405;Karlova Ves;Karlova Ves;ASS;;SRA;SCE;;;;;;13.861277;49.990212;Stredocesky;Stredocesky/L2KVES01
L2LIBL01;299;LiblÌn;LiblÌn;ASS;;SRA;SCE;;;;;;13.5451;49.916487;Plzensky;Plzensky/L2LIBL01
L2MANE01;436;ManÏtÌn;ManÏtÌn;MSS;;SRA;SCE;;;;;;13.22757;49.992466;Plzensky;Plzensky/L2MANE01
L2MLAV01;696;Mari·nskÈ L·znÏ;Mari·nskÈ L·znÏ, vod·rna;AKS1;T;SRA;SCE;;SSV;;F;;12.695966;49.990619;Karlovarsky;Karlovarsky/L2MLAV01
L2NEMA01;529;Nemanice;Nemanice, NemaniËky;MSS;;SRA;SCE;;;;;;12.716909;49.431422;Plzensky;Plzensky/L2NEMA01
L2ORAC01;401;Or·Ëov;Or·Ëov;MSS;;SRA;SCE;;;;;;13.54839;50.10814;Stredocesky;Stredocesky/L2ORAC01
L2PLAN01;505;Plan·;Plan·;ASS;;SRA;SCE;;;;;;12.735097;49.870952;Plzensky;Plzensky/L2PLAN01
L2PLAS01;330;Plasy;Plasy;MSS;;SRA;SCE;;;;;;13.382176;49.933074;Plzensky;Plzensky/L2PLAS01
L2PLZR01;320;PlzeÚ;PlzeÚ, RadËice;MSS;;SRA;SCE;;;;;;13.323199;49.765499;Plzensky;Plzensky/L2PLZR01
L2PRIM01;742.76;P¯imda;P¯imda;AMS1;T;SRA;SCE;;SSV;P;F;;12.678056;49.669444;Plzensky;Plzensky/L2PRIM01
L2RAKO01;313;RakovnÌk;RakovnÌk;ASS;;SRA;SCE;;;;;;13.738906;50.099307;Stredocesky;Stredocesky/L2RAKO01
L2ROKY01;370;Rokycany;Rokycany;ASS;;SRA;;;;;;;13.582576;49.73725;Plzensky;Plzensky/L2ROKY01
L2SLAB01;389;Slabce;Slabce, Mod¯ejovice;MSS;;SRA;SCE;;;;;;13.690636;49.992453;Stredocesky;Stredocesky/L2SLAB01
L2STRA01;526;Straöice;Straöice;ASS;;SRA;SCE;;;;;;13.753217;49.742781;Plzensky;Plzensky/L2STRA01
L2STRI01;412;St¯Ìbro;St¯Ìbro;AKS2;T;SRA;SCE;;SSV;;F;;12.996866;49.75451;Plzensky;Plzensky/L2STRI01
L2TACH01;487;Tachov;Tachov;AKS3;T;SRA;SCE;;;;;;12.623135;49.798357;Plzensky;Plzensky/L2TACH01
L2TERE01;402;Tereöov;Tereöov;ASS;;SRA;SCE;;;;;;13.707071;49.901862;Plzensky;Plzensky/L2TERE01
L2TSEK01;672;T¯i Sekery;T¯i Sekery;MSS;;SRA;SCE;;;;;;12.616463;49.943647;Karlovarsky;Karlovarsky/L2TSEK01
L2ULIC01;428;⁄lice;⁄lice;ASS;;SRA;SCE;;;;;;13.143405;49.759189;Plzensky;Plzensky/L2ULIC01
L2UNES01;573;⁄nÏöov;⁄nÏöov, »Ìhan·;MSS;;SRA;SCE;;;;;;13.128163;49.894104;Plzensky;Plzensky/L2UNES01
L2UTER01;489;⁄ter˝;⁄ter˝;MSS;;SRA;SCE;;;;;;13.001143;49.938609;Plzensky;Plzensky/L2UTER01
L2VERU01;582;VeruöiËky;VeruöiËky;MSS;;SRA;SCE;;;;;;13.172377;50.140984;Karlovarsky;Karlovarsky/L2VERU01
L2VICH01;506;VÌchov;VÌchov;MSS;;SRA;SCE;;;;;;12.945816;49.79351;Plzensky;Plzensky/L2VICH01
L2ZBIR01;476;Zbiroh;Zbiroh, ävabÌn;AKS2;T;SRA;SCE;;;;F;;13.751748;49.853987;Plzensky;Plzensky/L2ZBIR01
L2ZLUT01;554;élutice;élutice;ASS;;SRA;SCE;;;;;;13.161287;50.096136;Karlovarsky;Karlovarsky/L2ZLUT01
L3ABER01;893;Abertamy;Abertamy;ASS;;SRA;SCE;;;;;;12.816447;50.367742;Karlovarsky;Karlovarsky/L3ABER01
L3AS0001;675;Aö;Aö;AKS1;T;SRA;SCE;;SSV;;F;;12.179572;50.220602;Karlovarsky;Karlovarsky/L3AS0001
L3BECO01;535;BeËov nad Teplou;BeËov nad Teplou;ASS;;SRA;SCE;;;;;;12.836484;50.081963;Karlovarsky;Karlovarsky/L3BECO01
L3FRAL01;435;Frantiökovy L·znÏ;Frantiökovy L·znÏ;MSS;;SRA;SCE;;;;;;12.351238;50.116796;Karlovarsky;Karlovarsky/L3FRAL01
L3HABA01;484;Habartov;Habartov;MSS;;SRA;SCE;;;;;;12.54853;50.180156;Karlovarsky;Karlovarsky/L3HABA01
L3HAZL01;551;Hazlov;Hazlov;MSS;;SRA;SCE;;;;;;12.270389;50.159224;Karlovarsky;Karlovarsky/L3HAZL01
L3HROZ01;452;Star˝ HrozÚatov;Star˝ HrozÚatov;MSS;;SRA;SCE;;;;;;12.389416;50.025396;Karlovarsky;Karlovarsky/L3HROZ01
L3CHEB01;483;Cheb;Cheb;AMS1;T;SRA;SCE;;SSV;P;F;;12.391389;50.068333;Karlovarsky;Karlovarsky/L3CHEB01
L3KLIN01;1236;KlÌnovec;KlÌnovec;AKS2;T;SRA;SCE;;;;F;;12.967957;50.3948;Karlovarsky;Karlovarsky/L3KLIN01
L3KVAL01;603;Karlovy Vary;Karlovy Vary, Olöov· Vrata;AMS;T;SRA;SCE;;SSV;P;F;;12.914167;50.201667;Karlovarsky;Karlovarsky/L3KVAL01
L3KVAZ01;377;Karlovy Vary;Karlovy Vary;AKS4;T;SRA;SCE;;;;;;12.878151;50.227229;Karlovarsky;Karlovarsky/L3KVAZ01
L3LAZY01;845;Kynûvart;Kynûvart, Lazy;ASS;;SRA;SCE;;;;;;12.62322;50.05;Karlovarsky;Karlovarsky/L3LAZY01
L3LUBY01;524;Luby;Luby;ASS;;SRA;SCE;;;;;;12.400238;50.256881;Karlovarsky;Karlovarsky/L3LUBY01
L3LYSITT;980;Lysina;Lysina;TOTAL;;;;;;;;;12.651237;50.022636;Karlovarsky;Karlovarsky/L3LYSITT
L3NEJD01;609;Nejdek;Nejdek;AKS3;T;SRA;SCE;;;;;;12.715486;50.335684;Karlovarsky;Karlovarsky/L3NEJD01
L3OLOV01;545;OlovÌ;OlovÌ;MSS;;SRA;SCE;;;;;;12.558916;50.246202;Karlovarsky;Karlovarsky/L3OLOV01
L3PREB01;904;P¯ebuz;P¯ebuz;ASS;;SRA;;;;;;;12.615467;50.37246;Karlovarsky;Karlovarsky/L3PREB01
L3SEMN01;367;äemnice;äemnice, Dubina;MSS;;SRA;SCE;;;;;;12.993213;50.245531;Karlovarsky;Karlovarsky/L3SEMN01
L3SIND01;589;äindelov·;äindelov·, Obora;AKS1;T;SRA;SCE;;SSV;;F;;12.597466;50.317449;Karlovarsky;Karlovarsky/L3SIND01
L3SOKO01;407;Sokolov;Sokolov;AKS2;T;SRA;SCE;;SSV;;F;;12.639266;50.176985;Karlovarsky;Karlovarsky/L3SOKO01
L3STRA01;330;Str·û nad Oh¯Ì;Str·û nad Oh¯Ì;ASS;;SRA;SCE;;;;;;13.051677;50.338823;Karlovarsky;Karlovarsky/L3STRA01
L4LAKY01;835;L·znÏ Kynûvart;L·znÏ Kynûvart, Kr·lovka;ASNS;T;;;SCEa;;;;;12.641703;50.011397;Karlovarsky;Karlovarsky/L4LAKY01
L4PERK01;842;Pernink;Pernink;ASNS;T;;;SCEa;;;;;12.779285;50.363232;Karlovarsky;Karlovarsky/L4PERK01
L4PRAH01;862;Praha;Praha, Brdy;ASNS;T;;;SCEa;;;;;13.81838;49.65889;Stredocesky;Stredocesky/L4PRAH01
L4RYBN01;710;RybnÌk;RybnÌk;ASNS;T;;;SCEa;;;;;12.69832;49.515385;Plzensky;Plzensky/L4RYBN01
L4TESL01;720;VÏöÌn;VÏöÌn, TeslÌny;ASNS;T;;;SCEa;;;;;13.761819;49.619132;Stredocesky;Stredocesky/L4TESL01
O1BEDO01;565;BÏl· pod PradÏdem;BÏl· pod PradÏdem, Domaöov;MSS;;SRA;SCE;;;;;;17.1991;50.15446;Olomoucky;Olomoucky/O1BEDO01
O1BELA01;670;BÏl· pod PradÏdem;BÏl· pod PradÏdem, Filipovice;ASS;;SRA;;;;;;;17.1678;50.1586;Olomoucky;Olomoucky/O1BELA01
O1BELO01;306;BÏlotÌn;BÏlotÌn;AKS1;T;SRA;SCE;;SSV;;F;;17.8042;49.5869;Olomoucky;Olomoucky/O1BELO01
O1BILA01;720;BÌl·;BÌl·, KoneËn·;AKS2;T;SRA;SCE;;;;F;;18.5233;49.4547;Moravskoslezsky;Moravskoslezsky/O1BILA01
O1BILH01;770;BÌl·;BÌl·, Hlavat·;MSS;;SRA;SCE;;;;;;18.3806;49.4222;Moravskoslezsky;Moravskoslezsky/O1BILH01
O1BILO01;290;BÌlovec;BÌlovec;MSS;;SRA;SCE;;;;;;17.9917;49.7617;Moravskoslezsky;Moravskoslezsky/O1BILO01
O1BOHU01;237;BohumÌn;BohumÌn, Z·blatÌ;AKS2;T;SRA;SCE;;SSV;;F;;18.3692;49.882;Moravskoslezsky;Moravskoslezsky/O1BOHU01
O1BUDI01;530;Budiöov nad Budiöovkou;Budiöov nad Budiöovkou;MSS;;SRA;SCE;;;;;;17.6319;49.7972;Moravskoslezsky;Moravskoslezsky/O1BUDI01
O1CERN01;320;»ern· Voda;»ern· Voda;MSS;;SRA;SCE;;;;;;17.1536;50.3092;Olomoucky;Olomoucky/O1CERN01
O1CERV01;748.13;»erven·;»erven·;AMS1;T;SRA;SCE;;SSV;P;F;;17.541944;49.777222;Moravskoslezsky;Moravskoslezsky/O1CERV01
O1DEHY01;292;DÏhylov;DÏhylov;MSS;;SRA;SCE;;;;;;18.1667;49.8694;Moravskoslezsky;Moravskoslezsky/O1DEHY01
O1DLOU01;520;Dlouh· Str·Ú;Dlouh· Str·Ú;MSS;;SRA;SCE;;;;;;17.5011;49.9592;Moravskoslezsky;Moravskoslezsky/O1DLOU01
O1FMOL01;312;Fr˝dek-MÌstek;Fr˝dek-MÌstek, MÌstek;AKS2;T;SRA;SCE;;SSV;;F;;18.315833;49.666667;Moravskoslezsky;Moravskoslezsky/O1FMOL01
O1FREN01;436;Frenöt·t pod RadhoötÏm;Frenöt·t pod RadhoötÏm;AKS2;T;SRA;SCE;;SSV;;F;;18.240568;49.541055;Moravskoslezsky;Moravskoslezsky/O1FREN01
O1FULN01;340;Fulnek;Fulnek, Kostelec;MSS;;SRA;SCE;;;;;;17.93251;49.7235;Moravskoslezsky;Moravskoslezsky/O1FULN01
O1GRUNTT;855;GruÚ;GruÚ, Kozlena;TOTAL;;;;;;;;;18.495;49.4908;Moravskoslezsky;Moravskoslezsky/O1GRUNTT
O1HAMR01;527;StarÈ Hamry;StarÈ Hamry, SamËanka;MSS;;SRA;SCE;;;;;;18.4389;49.4681;Moravskoslezsky;Moravskoslezsky/O1HAMR01
O1HART01;516;Slezsk· Harta;Slezsk· Harta;AKS3;T;SRA;SCE;;;;;;17.575278;49.888611;Moravskoslezsky;Moravskoslezsky/O1HART01
O1HAT001;220;Haù;Haù;MSS;;SRA;SCE;;;;;;18.2542;49.9458;Moravskoslezsky;Moravskoslezsky/O1HAT001
O1HAVI01;259;HavÌ¯ov;HavÌ¯ov, Bludovice;MSS;;SRA;SCE;;;;;;18.4406;49.7656;Moravskoslezsky;Moravskoslezsky/O1HAVI01
O1HERM01;665;He¯manovice;He¯manovice;MSS;;SRA;SCE;;;;;;17.3816;50.1985;Moravskoslezsky;Moravskoslezsky/O1HERM01
O1HOLO01;582;HornÌ Lomn·;HornÌ Lomn·;AKS3;T;SRA;SCE;;;;;;18.637779;49.534088;Moravskoslezsky;Moravskoslezsky/O1HOLO01
O1HRAB01;395;HrabynÏ;HrabynÏ;MSS;;SRA;SCE;;;;;;18.0533;49.8783;Moravskoslezsky;Moravskoslezsky/O1HRAB01
O1HRAD01;275;Hradec nad MoravicÌ;Hradec nad MoravicÌ;MSS;;SRA;SCE;;;;;;17.8769;49.8728;Moravskoslezsky;Moravskoslezsky/O1HRAD01
O1HRCA01;612;HrËava;HrËava;MSS;;SRA;SCE;;;;;;18.834167;49.521111;Moravskoslezsky;Moravskoslezsky/O1HRCA01
O1HUKV01;292;Hukvaldy;Hukvaldy, Rychaltice;MSS;;SRA;SCE;;;;;;18.2208;49.6428;Moravskoslezsky;Moravskoslezsky/O1HUKV01
O1HZIV01;256;HladkÈ éivotice;HladkÈ éivotice;AKS;T;SRA;;;;;;;17.949444;49.690556;Moravskoslezsky;Moravskoslezsky/O1HZIV01
O1CHLN01;258;Chucheln·;Chucheln·;AKS4;T;SRA;;;;;;;18.119769;49.991679;Moravskoslezsky;Moravskoslezsky/O1CHLN01
O1JABL01;380;Jablunkov;Jablunkov, N·vsÌ;AKS2;T;SRA;SCE;;SSV;P;F;;18.7503;49.5875;Moravskoslezsky;Moravskoslezsky/O1JABL01
O1JAVO01;284;JavornÌk;JavornÌk;AKS1;T;SRA;SCE;;SSV;P;F;;17.0075;50.3956;Olomoucky;Olomoucky/O1JAVO01
O1JAVR01;930;T¯inec;T¯inec, Old¯ichovice, Javorov˝;AKS4;T;;;;;;F;;18.627222;49.628333;Moravskoslezsky;Moravskoslezsky/O1JAVR01
O1JESE01;502;JesenÌk;JesenÌk;AKS2;T;SRA;SCE;;SSV;;F;;17.183333;50.231111;Olomoucky;Olomoucky/O1JESE01
O1JISL01;358.2;Jind¯ichov;Jind¯ichov;MSS;;SRA;SCE;;;;;;17.5231;50.2525;Moravskoslezsky;Moravskoslezsky/O1JISL01
O1KARL01;502;Karlovice;Karlovice;ASS;;SRA;SCE;;;;;;17.454841;50.109463;Moravskoslezsky;Moravskoslezsky/O1KARL01
O1KARV01;224;Karvin·;Karvin·;AKS2;T;SRA;SCE;;;;F;;18.5332;49.8549;Moravskoslezsky;Moravskoslezsky/O1KARV01
O1KAST01;795;Karlova Stud·nka;Karlova Stud·nka;AKS3;T;SRA;SCE;;SSV;;F;;17.306832;50.074053;Moravskoslezsky;Moravskoslezsky/O1KAST01
O1KLIM01;240;Klimkovice;Klimkovice;MSS;;SRA;SCE;;;;;;18.1347;49.7844;Moravskoslezsky;Moravskoslezsky/O1KLIM01
O1KLINTT;1099;Mal˝ KlÌn;Mal˝ KlÌn;TOTAL;;;;;;;;;17.1967;50.12;Olomoucky;Olomoucky/O1KLINTT
O1KRNO01;360;Krnov;Krnov;AKS2;T;SRA;SCE;;SSV;P;F;;17.6922;50.078;Moravskoslezsky;Moravskoslezsky/O1KRNO01
O1LICH01;389;Lichnov;Lichnov;ASS;;SRA;SCE;;;;;;17.633611;50.011111;Moravskoslezsky;Moravskoslezsky/O1LICH01
O1LORY01;594;Lomnice;Lomnice;ASS;;SRA;SCE;;;;;;17.41431;49.8691;Moravskoslezsky;Moravskoslezsky/O1LORY01
O1LUCI01;300;LuËina;LuËina;AKS1;T;SRA;SCE;;SSV;;F;;18.4425;49.7308;Moravskoslezsky;Moravskoslezsky/O1LUCI01
O1LYSA01;1322.03;Lys· hora;Lys· hora;AMS1;T;SRA;SCE;;SSV;P;F;;18.4475;49.546111;Moravskoslezsky;Moravskoslezsky/O1LYSA01
O1MAMO01;775;Mal· Mor·vka;Mal· Mor·vka, Karlov;MSS;;SRA;SCE;;;;;;17.259444;50.025278;Moravskoslezsky;Moravskoslezsky/O1MAMO01
O1MELC01;478;MelË;MelË;MSS;;SRA;SCE;;;;;;17.756944;49.849444;Moravskoslezsky;Moravskoslezsky/O1MELC01
O1MIKU01;321;Mikulovice;Mikulovice;MSS;;SRA;SCE;;;;;;17.3231;50.3006;Olomoucky;Olomoucky/O1MIKU01
O1MOLU01;600;Mor·vka;Mor·vka, L˙Ëka;MSS;;SRA;SCE;;;;;;18.55;49.532588;Moravskoslezsky;Moravskoslezsky/O1MOLU01
O1MORK01;345;Mo¯kov;Mo¯kov;AKS3;T;SRA;SCE;;;;F;;18.057778;49.5414;Moravskoslezsky;Moravskoslezsky/O1MORK01
O1MOSN01;252.8;Moönov;Moönov;AMS;T;SRA;SCE;;SSV;P;F;RGLB_D;18.112778;49.691944;Moravskoslezsky;Moravskoslezsky/O1MOSN01
O1NERA01;208;DolnÌ LutynÏ;DolnÌ LutynÏ, Nerad;MSS;;SRA;SCE;;;;;;18.4147;49.9153;Moravskoslezsky;Moravskoslezsky/O1NERA01
O1NOJI01;291;Nov˝ JiËÌn;Nov˝ JiËÌn;MSS;;SRA;SCE;;;;;;18.031111;49.6;Moravskoslezsky;Moravskoslezsky/O1NOJI01
O1NYDE01;400;N˝dek;N˝dek;MSS;;SRA;SCE;;;;;;18.755463;49.655692;Moravskoslezsky;Moravskoslezsky/O1NYDE01
O1NYFI01;745;N˝dek;N˝dek, Filipka;AKS4;T;SRA;;;;;;;18.788599;49.616676;Moravskoslezsky;Moravskoslezsky/O1NYFI01
O1ODRY01;305;Odry;Odry;MSS;;SRA;SCE;;;;;;17.82;49.670833;Moravskoslezsky;Moravskoslezsky/O1ODRY01
O1OPAV01;270;Opava;Opava, Otice;AKS1;T;SRA;SCE;;SSV;;F;;17.8761;49.9197;Moravskoslezsky;Moravskoslezsky/O1OPAV01
O1OSCE01;435;Ostravice;Ostravice;MSS;;SRA;SCE;;;;;;18.400556;49.525833;Moravskoslezsky;Moravskoslezsky/O1OSCE01
O1OSLZ01;269;Ostrava;Ostrava, Slezsk· Ostrava;AKS4;T;SRA;;;;;;;18.317553;49.844977;Moravskoslezsky;Moravskoslezsky/O1OSLZ01
O1OSOB01;238;Osoblaha;Osoblaha;AKS4;T;SRA;SCE;;SSV;;F;;17.7135;50.2709;Moravskoslezsky;Moravskoslezsky/O1OSOB01
O1PASK01;254;Paskov;Paskov;MSS;;SRA;SCE;;;;;;18.3031;49.7244;Moravskoslezsky;Moravskoslezsky/O1PASK01
O1PORU01;238.6;Ostrava;Ostrava, Poruba;AKS1;T;SRA;SCE;;SSV;P;F;RGLB_D;18.159444;49.8253;Moravskoslezsky;Moravskoslezsky/O1PORU01
O1PRIB01;307;P¯Ìbor;P¯Ìbor;MSS;;SRA;SCE;;;;;;18.1342;49.6403;Moravskoslezsky;Moravskoslezsky/O1PRIB01
O1PSTR01;400;PstruûÌ;PstruûÌ;MSS;;SRA;SCE;;;;;;18.348889;49.559167;Moravskoslezsky;Moravskoslezsky/O1PSTR01
O1RAMZ01;740;Ostruûn·;Ostruûn·, Ramzov·;MSS;;SRA;SCE;;;;;;17.0656;50.1944;Olomoucky;Olomoucky/O1RAMZ01
O1RASK01;397;Raökovice;Raökovice;MSS;;SRA;SCE;;;;;;18.4708;49.6228;Moravskoslezsky;Moravskoslezsky/O1RASK01
O1ROPI01;327;Ropice;Ropice;AKS3;T;SRA;SCE;;;;;;18.6125;49.6975;Moravskoslezsky;Moravskoslezsky/O1ROPI01
O1ROPITT;880;RopiËka;RopiËka;TOTAL;;;;;;;;;18.5597;49.6169;Moravskoslezsky;Moravskoslezsky/O1ROPITT
O1RYMA01;578;R˝ma¯ov;R˝ma¯ov;AKS4;T;SRA;;;SSV;;F;;17.296111;49.931389;Moravskoslezsky;Moravskoslezsky/O1RYMA01
O1RYMH01;643;R˝ma¯ov;R˝ma¯ov, Harrachov;MSS;;SRA;SCE;;;;;;17.286667;49.955833;Moravskoslezsky;Moravskoslezsky/O1RYMH01
O1SENO01;258;äenov;äenov, LapaËka;MSS;;SRA;SCE;;;;;;18.380278;49.770556;Moravskoslezsky;Moravskoslezsky/O1SENO01
O1SERA01;1328;äer·k;äer·k;AMS1;T;SRA;SCE;;SSV;P;F;;17.108333;50.1875;Olomoucky;Olomoucky/O1SERA01
O1SERATT;1320;äer·k;äer·k;TOTAL;;;;;;;;;17.1075;50.1883;Olomoucky;Olomoucky/O1SERATT
O1SKRI01;485;Sk¯ipov;Sk¯ipov;MSS;;SRA;SCE;;;;;;17.9139;49.8178;Moravskoslezsky;Moravskoslezsky/O1SKRI01
O1SKRTTT;876;Sk¯Ìtek;Sk¯Ìtek, SobotÌn, Rudoltice;TOTAL;;;;;;;;;17.151505;49.999157;Olomoucky;Olomoucky/O1SKRTTT
O1SUDI01;217;Sudice;Sudice;MSS;;SRA;SCE;;;;;;18.0736;50.0319;Moravskoslezsky;Moravskoslezsky/O1SUDI01
O1SVET01;593;SvÏtl· Hora;SvÏtl· Hora;AKS1;T;SRA;;SCEa;SSV;;F;;17.4011;50.0331;Moravskoslezsky;Moravskoslezsky/O1SVET01
O1TEHR01;356;TÏrlicko;TÏrlicko, HradiötÏ;MSS;;SRA;SCE;;;;;;18.531667;49.735278;Moravskoslezsky;Moravskoslezsky/O1TEHR01
O1TYRA01;500;Tyra;Tyra;MSS;;SRA;SCE;;;;;;18.6494;49.6258;Moravskoslezsky;Moravskoslezsky/O1TYRA01
O1UHNV01;615;Uheln·;Uheln·, NovÈ VilÈmovice;AKS4;T;SRA;;;;;;;16.984708;50.332069;Olomoucky;Olomoucky/O1UHNV01
O1VEKR01;235;Velk· Kraö;Velk· Kraö;MSS;;SRA;SCE;;;;;;17.179638;50.370798;Olomoucky;Olomoucky/O1VEKR01
O1VIDL01;774;Vidly;Vidly;MSS;;SRA;SCE;;;;;;17.2717;50.1056;Moravskoslezsky;Moravskoslezsky/O1VIDL01
O1VIDN01;228;Vidnava;Vidnava;AKS4;T;SRA;SCE;;;;;;17.1917;50.37794;Olomoucky;Olomoucky/O1VIDN01
O1VITK01;491;VÌtkov;VÌtkov;AKS2;T;SRA;SCE;;;;F;;17.757308;49.778037;Moravskoslezsky;Moravskoslezsky/O1VITK01
O1ZARY01;498;MÏsto Albrechtice;MÏsto Albrechtice, é·ry;AKS4;T;SRA;;SCEa;;;;;17.560556;50.154167;Moravskoslezsky;Moravskoslezsky/O1ZARY01
O1ZLHO01;444;ZlatÈ Hory;ZlatÈ Hory;AKS4;T;SRA;;SCEa;;;;;17.3926;50.252778;Olomoucky;Olomoucky/O1ZLHO01
O1ZLHR01;407;ZlatÈ Hory;ZlatÈ Hory;MSS;;SRA;SCE;;;;;;17.3926;50.263;Olomoucky;Olomoucky/O1ZLHR01
O2BEZD01;315;Moravsk· T¯ebov·;Moravsk· T¯ebov·, BezdÏËÌ, Uner·zka;MSS;;SRA;SCE;;;;;;16.7567;49.7;Pardubicky;Pardubicky/O2BEZD01
O2BRAN01;548;Brann·;Brann·, Frantiökov;ASS;;SRA;SCE;SCEa;;;;;17.0129;50.1324;Olomoucky;Olomoucky/O2BRAN01
O2CERO01;535;»erven· Voda;»erven· Voda;ASS;;SRA;SCE;;;;;;16.7394;50.0453;Pardubicky;Pardubicky/O2CERO01
O2DSDN01;765;DlouhÈ Str·nÏ;DlouhÈ Str·nÏ, Kouty nad Desnou;ASS;;SRA;;SCEa;;;;;17.1794;50.0853;Olomoucky;Olomoucky/O2DSDN01
O2DUBI01;282;Dubicko;Dubicko;AKS3;T;SRA;SCE;;SSV;;F;;16.9662;49.8269;Olomoucky;Olomoucky/O2DUBI01
O2HANU01;432;Hanuöovice;Hanuöovice;AKS3;T;SRA;SCE;;;;;;16.940556;50.0819;Olomoucky;Olomoucky/O2HANU01
O2HOSJ01;305;Hoötejn;Hoötejn;ASS;;SRA;;;;;;;16.7703;49.8744;Olomoucky;Olomoucky/O2HOSJ01
O2JEVI01;342;JevÌËko;JevÌËko;AKS1;T;SRA;SCE;;SSV;;F;;16.7269;49.6297;Pardubicky;Pardubicky/O2JEVI01
O2KRALTT;1369;Kr·lick˝ SnÏûnÌk;Kr·lick˝ SnÏûnÌk;TOTAL;;;;;;;;;16.851393;50.204171;Pardubicky;Pardubicky/O2KRALTT
O2LANS01;362;Lanökroun;Lanökroun;AKS4;T;SRA;;;;;;;16.625;49.9028;Pardubicky;Pardubicky/O2LANS01
O2LOSI01;411;VelkÈ Losiny;VelkÈ Losiny;ASS;;SRA;SCE;;;;;;17.051365;50.038056;Olomoucky;Olomoucky/O2LOSI01
O2LUKA01;510;Luk·;Luk·;AMS1;T;SRA;SCE;;SSV;P;F;RGLB_D;16.953333;49.652222;Olomoucky;Olomoucky/O2LUKA01
O2MEHL01;268;Medlov;Medlov, Hlivice;MKS;T;SRA;SCE;;SSV;P;F;;17.037966;49.782412;Olomoucky;Olomoucky/O2MEHL01
O2MIRO01;370;MÌrov;MÌrov, MÌroveËek;MSS;;SRA;SCE;;;;;;16.839447;49.796164;Olomoucky;Olomoucky/O2MIRO01
O2OLKL01;215;Olomouc;Olomouc, Kl·öternÌ Hradisko;MSS;;SRA;SCE;;;;;;17.264465;49.608795;Olomoucky;Olomoucky/O2OLKL01
O2OLOM01;210;Olomouc;Olomouc, Holice;AKS1;T;SRA;SCE;;SSV;;F;;17.2844;49.5758;Olomoucky;Olomoucky/O2OLOM01
O2OSKA01;360;Oskava;Oskava;ASS;;SRA;SCE;;;;;;17.134781;49.90482;Olomoucky;Olomoucky/O2OSKA01
O2PAPR01;1006;StarÈ MÏsto pod SnÏûnÌkem;StarÈ MÏsto pod SnÏûnÌkem, Paprsek;AKS3;T;SRA;SCE;;;;;;16.988889;50.209444;Olomoucky;Olomoucky/O2PAPR01
O2PASE01;271;Paseka;Paseka;AKS4;T;SRA;;;SSV;;;;17.2345;49.7776;Olomoucky;Olomoucky/O2PASE01
O2SKLE01;730;Mal· Morava;Mal· Morava, SklenÈ;MSS;;SRA;SCE;;;;;;16.8472;50.1278;Olomoucky;Olomoucky/O2SKLE01
O2SLAM01;1100;DolnÌ Morava;DolnÌ Morava, SlamÏnka;AKS4;T;SRA;;;SSV;;F;;16.832833;50.151011;Pardubicky;Pardubicky/O2SLAM01
O2STEP01;225;ätÏp·nov;ätÏp·nov;MSS;;SRA;SCE;;;;;;17.22473;49.68115;Olomoucky;Olomoucky/O2STEP01
O2STER01;278;äternberk;äternberk;AKS3;T;SRA;SCE;;;;;;17.2986;49.725;Olomoucky;Olomoucky/O2STER01
O2STIT01;432;ätÌty;ätÌty;AKS4;T;SRA;;;;;;;16.764343;49.956566;Olomoucky;Olomoucky/O2STIT01
O2STKU01;658;StarÈ MÏsto pod SnÏûnÌkem;StarÈ MÏsto pod SnÏûnÌkem, KunËice;MSS;;SRA;SCE;;;;;;16.9419;50.1928;Olomoucky;Olomoucky/O2STKU01
O2SUMP01;328;äumperk;äumperk;AKS1;T;SRA;SCE;;SSV;P;F;;16.9675;49.9742;Olomoucky;Olomoucky/O2SUMP01
O2TREB01;375;T¯eba¯ov;T¯eba¯ov;AKS2;T;SRA;SCE;;SSV;P;F;;16.6969;49.8158;Pardubicky;Pardubicky/O2TREB01
O2UJEZ01;358;Velk˝ ⁄jezd;Velk˝ ⁄jezd;MSS;;SRA;SCE;;;;;;17.482222;49.575556;Olomoucky;Olomoucky/O2UJEZ01
O3BECV01;565;HornÌ BeËva;HornÌ BeËva;AKS2;T;SRA;SCE;;SSV;;F;;18.2983;49.4311;Zlinsky;Zlinsky/O3BECV01
O3BENE01;855;VelkÈ Karlovice;VelkÈ Karlovice, Beneöky;MSS;;SRA;SCE;;;;;;18.294392;49.397036;Zlinsky;Zlinsky/O3BENE01
O3HOST01;385;Hoöù·lkov·;Hoöù·lkov·;AKS3;T;SRA;SCE;;;;;;17.8683;49.3514;Zlinsky;Zlinsky/O3HOST01
O3HRAN01;247;Hranice;Hranice, Drahotuöe;MSS;;SRA;SCE;;;;;;17.701389;49.5525;Olomoucky;Olomoucky/O3HRAN01
O3HUSL01;450;Huslenky;Huslenky, Kychov·;ASS;;SRA;SCE;;;;;;18.1261;49.3;Zlinsky;Zlinsky/O3HUSL01
O3KATE01;585;Kate¯inice;Kate¯inice, OjiËn·;AKS;T;SRA;SCE;;SSV;;F;;17.873333;49.401111;Zlinsky;Zlinsky/O3KATE01
O3KELC01;300;KelË;KelË;MSS;;SRA;SCE;;;;;;17.8281;49.4731;Zlinsky;Zlinsky/O3KELC01
O3LIDE01;450;LideËko;LideËko;MSS;;SRA;SCE;;;;;;18.052524;49.20948;Zlinsky;Zlinsky/O3LIDE01
O3LIPN01;227;LipnÌk nad BeËvou;LipnÌk nad BeËvou;MSS;;SRA;SCE;;;;;;17.590556;49.521944;Olomoucky;Olomoucky/O3LIPN01
O3MARU01;664.1;Hoöù·lkov·;Hoöù·lkov·, Maruöka;AKS1;T;SRA;SCE;;SSV;P;F;;17.8286;49.3653;Zlinsky;Zlinsky/O3MARU01
O3POTB01;545;Potöt·t;Potöt·t, Boökov;AKS4;T;SRA;;;;;;;17.6142;49.6238;Olomoucky;Olomoucky/O3POTB01
O3POTS01;565;Potöt·t;Potöt·t, KyûlÌ¯ov;MSS;;SRA;SCE;;;;;;17.6764;49.6417;Olomoucky;Olomoucky/O3POTS01
O3PRER01;210;P¯erov;P¯erov;AKS2;T;SRA;SCE;;SSV;P;F;;17.458889;49.464444;Olomoucky;Olomoucky/O3PRER01
O3PUSTTT;1014;Pustevny;Pustevny;TOTAL;;;;;;;;;18.279722;49.4917;Zlinsky;Zlinsky/O3PUSTTT
O3RAJN01;405;Rajnochovice;Rajnochovice;MSS;;SRA;SCE;;;;;;17.8139;49.4111;Zlinsky;Zlinsky/O3RAJN01
O3ROZN01;375;Roûnov pod RadhoötÏm;Roûnov pod RadhoötÏm;AKS4;T;SRA;;;;;;;18.138224;49.461251;Zlinsky;Zlinsky/O3ROZN01
O3ROZV01;362;Roûnov pod RadhoötÏm;Roûnov pod RadhoötÏm;MSS;;SRA;SCE;;;;;;18.112788;49.462778;Zlinsky;Zlinsky/O3ROZV01
O3VABY01;458;Valaösk· Byst¯ice;Valaösk· Byst¯ice;ASS;;SRA;SCE;;;;;;18.106298;49.416432;Zlinsky;Zlinsky/O3VABY01
O3VALM01;334;ValaöskÈ Mezi¯ÌËÌ;ValaöskÈ Mezi¯ÌËÌ;AKS2;T;SRA;SCE;;SSV;;F;;17.9742;49.4636;Zlinsky;Zlinsky/O3VALM01
O3VASE01;615;Valaösk· Senice;Valaösk· Senice;AKS2;T;SRA;SCE;;SSV;;F;;18.126944;49.240278;Zlinsky;Zlinsky/O3VASE01
O3VEKA01;518;VelkÈ Karlovice;VelkÈ Karlovice;AKS3;T;SRA;SCE;;;;;;18.286944;49.359444;Zlinsky;Zlinsky/O3VEKA01
O3VSET01;387;VsetÌn;VsetÌn;AKS1;T;SRA;SCE;;SSV;;F;;17.9961;49.3442;Zlinsky;Zlinsky/O3VSET01
O3ZDEC01;491;ZdÏchov;ZdÏchov;MSS;;SRA;SCE;;;;;;18.0772;49.2639;Zlinsky;Zlinsky/O3ZDEC01
O3ZDECTT;730;ZdÏchov;ZdÏchov;TOTAL;;;;;;;;;18.0792;49.2444;Zlinsky;Zlinsky/O3ZDECTT
O4BENE01;850;VelkÈ Karlovice;VelkÈ Karlovice, Beneöky;ASNS;T;SRA;;SCEa;;;;;18.292204;49.396303;Zlinsky;Zlinsky/O4BENE01
O4KLEP01;700;SobotÌn;SobotÌn, Klep·Ëov;ASNS;T;SRA;;SCEa;;;;;17.133821;50.007192;Olomoucky;Olomoucky/O4KLEP01
P1BERO01;265;Beroun;Beroun;MSS;;SRA;SCE;;;;;;14.0642;49.9711;Stredocesky;Stredocesky/P1BERO01
P1DOBE01;205;Dob¯ichovice;Dob¯ichovice;AKS2;T;SRA;SCE;;;;F;;14.2758;49.9333;Stredocesky;Stredocesky/P1DOBE01
P1HVOZ01;425;Hvozdec;Hvozdec, MrtnÌk;ASS;;SRA;SCE;;;;;;13.8719;49.7983;Stredocesky;Stredocesky/P1HVOZ01
P1CHRU01;255;Chrustenice;LodÏnice;MSS;;SRA;SCE;;;;;;14.1567;49.9964;Stredocesky;Stredocesky/P1CHRU01
P1JILS01;354;JÌloviötÏ;JÌloviötÏ;MSS;;SRA;SCE;;;;;;14.3319;49.9233;Stredocesky;Stredocesky/P1JILS01
P1KAMY01;280;Kam˝k nad Vltavou;Kam˝k nad Vltavou;ASS;;SRA;SCE;;;;;;14.24637;49.63234;Stredocesky;Stredocesky/P1KAMY01
P1KOLE01;240;KoleË;KoleË;MSS;;SRA;SCE;;;;;;14.2378;50.1989;Stredocesky;Stredocesky/P1KOLE01
P1KRAL01;220;Kralupy nad Vltavou;Kralupy nad Vltavou;AKS2;T;SRA;SCE;;;;F;;14.29;50.2419;Stredocesky;Stredocesky/P1KRAL01
P1KRIV01;323;K¯ivokl·t;K¯ivokl·t;MSS;;SRA;SCE;;;;;;13.8808;50.0381;Stredocesky;Stredocesky/P1KRIV01
P1LANY01;415;L·ny;L·ny;AKS1;T;SRA;SCE;;SSV;;F;;13.9519;50.1242;Stredocesky;Stredocesky/P1LANY01
P1LITE01;320;LiteÚ;LiteÚ;MSS;;SRA;SCE;;;;;;14.1506;49.9033;Stredocesky;Stredocesky/P1LITE01
P1MNIS01;367;MnÌöek pod Brdy;MnÌöek pod Brdy;MSS;;SRA;SCE;;;;;;14.2625;49.8694;Stredocesky;Stredocesky/P1MNIS01
P1NBEL01;465;NeËÌn;NeËÌn, BÏlohrad;MSS;;SRA;SCE;;;;;;14.2017;49.7067;Stredocesky;Stredocesky/P1NBEL01
P1NEUM01;322;NeumÏtely;NeumÏtely;AKS1;T;SRA;SCE;;SSV;;F;;14.0375;49.8542;Stredocesky;Stredocesky/P1NEUM01
P1NSTR01;482;NovÈ StraöecÌ;NovÈ StraöecÌ;MSS;;SRA;SCE;;;;;;13.8942;50.1456;Stredocesky;Stredocesky/P1NSTR01
P1PBRE01;355;Praha;Praha, B¯evnov;ASS;;SRA;;;;;;;14.352689;50.080843;Praha;Praha/P1PBRE01
P1PCHO01;297;Praha;Praha, Chodov;MSS;;SRA;SCE;;;;;;14.5;50.0294;Praha;Praha/P1PCHO01
P1PKAR01;260.5;Praha;Praha, Karlov;AMS1;T;SRA;SCE;;SSV;P;F;RGLB_D;14.427778;50.069167;Praha;Praha/P1PKAR01
P1PKBE01;284.5;Praha;Praha, Kbely;AMS;T;SRA;SCE;;SSV;P;F;;14.538056;50.123333;Praha;Praha/P1PKBE01
P1PKLE01;190.7;Praha;Praha, Klementinum;AKS2;T;SRA;SCE;;SSV;P;F;;14.416923;50.086634;Praha;Praha/P1PKLE01
P1PKLM01;190.7;Praha;Praha, Klementinum;MKS;T;;;;;;;;14.416436;50.086341;Praha;Praha/P1PKLM01
P1PKOM01;213;Praha;Praha, Komo¯any;AKS4;T;SRA;SCE;;;;;;14.40636;49.9886;Praha;Praha/P1PKOM01
P1PLIB01;302.04;Praha;Praha, Libuö;AMS1;T;SRA;SCE;;SSV;P;F;RGLB_D;14.446944;50.007778;Praha;Praha/P1PLIB01
P1PODL01;510;PodlesÌ;PodlesÌ;MSS;;SRA;SCE;;;;;;13.9806;49.6897;Stredocesky;Stredocesky/P1PODL01
P1PRIB01;555;P¯Ìbram;P¯Ìbram;AKS1;T;SRA;SCE;;SSV;;F;;14.0225;49.6947;Stredocesky;Stredocesky/P1PRIB01
P1PRUH01;312;Pr˘honice;Pr˘honice;AKS4;T;SRA;;;;;F;;14.5594;50.0075;Stredocesky;Stredocesky/P1PRUH01
P1PRUZ01;364;Praha;Praha, RuzynÏ;AMS;T;SRA;SCE;;SSV;P;F;;14.255556;50.100278;Praha;Praha/P1PRUZ01
P1PSUC01;268;Praha;Praha, Suchdol;MSS;;SRA;SCE;;;;;;14.3906;50.1436;Praha;Praha/P1PSUC01
P1PVIN01;280;Praha;Praha, Vinohrady - Flora;AKS2;T;SRA;SCE;;SSV;;F;;14.46186;50.07584;Praha;Praha/P1PVIN01
P1PZKO01;330;Praha;Praha, ZadnÌ Kopanina;MSS;;SRA;SCE;;;;;;14.3178;50.0072;Praha;Praha/P1PZKO01
P1RPET01;360;Rpety;Rpety;MSS;;SRA;SCE;;;;;;13.9369;49.8272;Stredocesky;Stredocesky/P1RPET01
P1SLAN01;307;Slan˝;Slan˝;ASS;;SRA;;;;;;;14.0903;50.2369;Stredocesky;Stredocesky/P1SLAN01
P1UVAL01;260;⁄valy;⁄valy;MSS;;SRA;SCE;;;;;;14.7111;50.0772;Stredocesky;Stredocesky/P1UVAL01
P1VOZN01;385;Voznice;Voznice;ASS;;SRA;SCE;;;;;;14.2128;49.8192;Stredocesky;Stredocesky/P1VOZN01
P1ZBEC01;262;ZbeËno;ZbeËno;MSS;;SRA;SCE;;;;;;13.935;50.0614;Stredocesky;Stredocesky/P1ZBEC01
P1ZDIC01;305;Zdice;Zdice;MSS;;SRA;SCE;;;;;;13.9714;49.9108;Stredocesky;Stredocesky/P1ZDIC01
P1ZLON01;231;Zlonice;Zlonice;ASS;;SRA;;;;;;;14.0886;50.2847;Stredocesky;Stredocesky/P1ZLON01
P2BAKO01;220;Bakov nad Jizerou;Bakov nad Jizerou;MSS;;SRA;SCE;;;;;;14.9394;50.4806;Stredocesky;Stredocesky/P2BAKO01
P2BAST01;230;Baöù;Baöù, BaötÏk;MSS;;SRA;SCE;;;;;;14.4622;50.205;Stredocesky;Stredocesky/P2BAST01
P2BENE01;780;Benecko;Benecko;MSS;;SRA;SCE;;;;;;15.5499;50.6713;Liberecky;Liberecky/P2BENE01
P2BNLO01;780;Bed¯ichov;Bed¯ichov, Nov· louka;AKS4;T;SRA;SCE;;;;;;15.158215;50.81445;Liberecky;Liberecky/P2BNLO01
P2BOSE01;390;BoseÚ;BoseÚ, Muûsk˝;ASS;;SRA;SCE;;;;;;15.0408;50.5194;Stredocesky;Stredocesky/P2BOSE01
P2BRAN01;179;Brand˝s nad Labem-St.B;Brand˝s nad Labem-St.B;AKS1;T;SRA;SCE;;SSV;;F;;14.6606;50.1897;Stredocesky;Stredocesky/P2BRAN01
P2BROD01;220;Brodce;Brodce;MSS;;SRA;SCE;;;;;;14.8661;50.3347;Stredocesky;Stredocesky/P2BROD01
P2CDUB01;355;»esk˝ Dub;»esk˝ Dub, Modlibohov;AKS4;T;SRA;SCE;SCEa;;;F;;14.9817;50.6836;Liberecky;Liberecky/P2CDUB01
P2DBOU01;244;DolnÌ Bousov;DolnÌ Bousov;AKS3;T;SRA;SCE;;;;;;15.141737;50.437897;Stredocesky;Stredocesky/P2DBOU01
P2DESN01;772;Desn·;Desn·, Souö;AKS1;T;SRA;SCE;;SSV;;F;;15.3197;50.7894;Liberecky;Liberecky/P2DESN01
P2DVOR01;1115;DvoraËky;DvoraËky;AKS4;T;SRA;SCE;SCEa;;;;;15.514525;50.748172;Liberecky;Liberecky/P2DVOR01
P2HARR01;675;Harrachov;Harrachov;AKS1;T;SRA;SCE;SCEa;SSV;;F;;15.42;50.781667;Liberecky;Liberecky/P2HARR01
P2HOLE01;432;Holenice;Holenice;AKS1;T;SRA;SCE;;SSV;;F;;15.3022;50.5303;Liberecky;Liberecky/P2HOLE01
P2CHOT01;260;ChotÏtov;ChotÏtov;MSS;;SRA;SCE;;;;;;14.810102;50.337419;Stredocesky;Stredocesky/P2CHOT01
P2JDUL01;623;Josef˘v D˘l;Josef˘v D˘l;ASS;;SRA;SCE;;;;;;15.228611;50.778056;Liberecky;Liberecky/P2JDUL01
P2JILE01;462;Jilemnice;Jilemnice;MSS;;SRA;SCE;;;;;;15.5125;50.6014;Liberecky;Liberecky/P2JILE01
P2JIVI01;308;Jivina;Jivina;MSS;;SRA;SCE;;;;;;14.9492;50.5539;Stredocesky;Stredocesky/P2JIVI01
P2KATU01;312;Katusice;Katusice;AKS2;T;SRA;SCE;;SSV;;F;;14.7778;50.4444;Stredocesky;Stredocesky/P2KATU01
P2KORE01;858;Ko¯enov;Ko¯enov, Jizerka;AKS4;T;SRA;SCE;;SSV;;F;;15.34444;50.82001;Liberecky;Liberecky/P2KORE01
P2KOSA01;210;Krop·Ëova Vrutice;Krop·Ëova Vrutice, St¯Ìûovice;MSS;;SRA;SCE;;;;;;14.7046;50.3255;Stredocesky;Stredocesky/P2KOSA01
P2KOST01;185;Kostomlaty nad Labem;Kostomlaty nad Labem;ASS;;SRA;SCE;;;;;;14.9614;50.1703;Stredocesky;Stredocesky/P2KOST01
P2LOMN01;485;Lomnice nad Popelkou;Lomnice nad Popelkou;ASS;;SRA;SCE;;;;;;15.38;50.5383;Liberecky;Liberecky/P2LOMN01
P2MLBO01;221;Mlad· Boleslav;Mlad· Boleslav;MSS;;SRA;SCE;;;;;;14.91405;50.42267;Stredocesky;Stredocesky/P2MLBO01
P2MRZK01;260;Mrzky;Mrzky;AKS4;T;SRA;SCE;;SSV;;F;;14.8075;50.044444;Stredocesky;Stredocesky/P2MRZK01
P2MSEN01;340;Möeno;Möeno;ASS;;SRA;SCE;;;;;;14.63399;50.44061;Stredocesky;Stredocesky/P2MSEN01
P2NPAK01;450;Nov· Paka;Nov· Paka;MSS;;SRA;SCE;;;;;;15.5136;50.49;Kralovehradecky;Kralovehradecky/P2NPAK01
P2NVES01;170;K·ran˝;K·ran˝;ASS;;SRA;;;;;;;14.7322;50.1764;Stredocesky;Stredocesky/P2NVES01
P2ROKY01;525;Rokytnice nad Jizerou;Rokytnice nad Jizerou, VilÈmov;MSS;;SRA;SCE;;;;;;15.4229;50.7319;Liberecky;Liberecky/P2ROKY01
P2ROPR01;550;Roprachtice;Roprachtice;ASS;;SRA;SCE;;;;;;15.4142;50.6514;Liberecky;Liberecky/P2ROPR01
P2SEMC01;234;SemËice;SemËice;AKS1;T;SRA;SCE;;SSV;;F;;15.0036;50.3671;Stredocesky;Stredocesky/P2SEMC01
P2SEMI01;370;Semily;Semily;ASS;;SRA;SCE;;;;;;15.3153;50.6133;Liberecky;Liberecky/P2SEMI01
P2SMRZ01;550;Smrûovka;Smrûovka;MSS;;SRA;SCE;;;;;;15.2511;50.7294;Liberecky;Liberecky/P2SMRZ01
P2STUD01;532;Studenec;Studenec;ASS;;SRA;;;;;;;15.55;50.5528;Liberecky;Liberecky/P2STUD01
P2TUHA01;160;TuhaÚ;TuhaÚ;AKS1;T;SRA;SCE;;SSV;;F;;14.5206;50.2953;Stredocesky;Stredocesky/P2TUHA01
P2TURN01;253;Turnov;Turnov;AKS4;T;SRA;;;SSV;;F;;15.154444;50.589722;Liberecky;Liberecky/P2TURN01
P2VSEL01;392;Vöelibice;Vöelibice;MSS;;SRA;SCE;;;;;;14.950609;50.648954;Liberecky;Liberecky/P2VSEL01
P2VYSK01;695;VysokÈ nad Jizerou;VysokÈ nad Jizerou;ASS;;SRA;SCE;;;;;;15.408523;50.682981;Liberecky;Liberecky/P2VYSK01
P2ZBRO01;290;éelezn˝ Brod;éelezn˝ Brod;MSS;;SRA;SCE;;;;;;15.2517;50.6408;Liberecky;Liberecky/P2ZBRO01
P3BENS01;343;Beneöov;Beneöov;MSS;;SRA;SCE;;;;;;14.69668;49.78862;Stredocesky;Stredocesky/P3BENS01
P3BOHD01;460;BohdaneË;BohdaneË;MSS;;SRA;SCE;;;;;;15.2239;49.7786;Stredocesky;Stredocesky/P3BOHD01
P3BOZE01;611;Boûejov;Boûejov;MSS;;SRA;SCE;;;;;;15.1528;49.3608;Vysocina;Vysocina/P3BOZE01
P3DCHV01;290;DolnÌ Chvatliny;DolnÌ Chvatliny;MSS;;SRA;SCE;;;;;;15.0656;49.9833;Stredocesky;Stredocesky/P3DCHV01
P3DKRA01;420;DolnÌ Kralovice;DolnÌ Kralovice, St¯Ìteû;MSS;;SRA;SCE;;;;;;15.1597;49.6625;Stredocesky;Stredocesky/P3DKRA01
P3HABR01;467;Habry;Habry;ASS;;SRA;SCE;;;;;;15.4869;49.7519;Vysocina;Vysocina/P3HABR01
P3HAVL01;452;HavlÌËk˘v Brod;HavlÌËk˘v Brod;AKS1;T;SRA;SCE;;SSV;;F;;15.5797;49.6119;Vysocina;Vysocina/P3HAVL01
P3HULI01;378;Hulice;Hulice;AKS4;T;SRA;;;SSV;;F;;15.086667;49.721111;Stredocesky;Stredocesky/P3HULI01
P3HUMP01;515;Humpolec;Humpolec;MSS;;SRA;SCE;;;;;;15.35278;49.54694;Vysocina;Vysocina/P3HUMP01
P3HUMP02;540;Humpolec;Humpolec;ASS;;SRA;;;;;;;15.35333;49.53528;Vysocina;Vysocina/P3HUMP02
P3JABL01;330;Jablonn·;Jablonn·;MSS;;SRA;SCE;;;;;;14.4519;49.7808;Stredocesky;Stredocesky/P3JABL01
P3JILO01;350;JÌlovÈ u Prahy;JÌlovÈ u Prahy;MSS;;SRA;SCE;;;;;;14.4681;49.8994;Stredocesky;Stredocesky/P3JILO01
P3KOSE01;532.29;Koöetice;Koöetice, K¯eöÌn, KramolÌn;AMS1;T;SRA;SCE;;SSV;P;F;RGLB_D;15.080556;49.573611;Vysocina;Vysocina/P3KOSE01
P3KOST01;360;Kostelec n. »ern˝mi Lesy;Kostelec n. »ern˝mi Lesy;MSS;;SRA;SCE;;;;;;14.8356;50.0044;Stredocesky;Stredocesky/P3KOST01
P3KOZM01;500;Kozmice;Kozmice;MSS;;SRA;SCE;;;;;;14.7942;49.8264;Stredocesky;Stredocesky/P3KOZM01
P3LEDS01;408;LedeË nad S·zavou;LedeË nad S·zavou;MSS;;SRA;SCE;;;;;;15.284048;49.698597;Vysocina;Vysocina/P3LEDS01
P3MLVO01;445;Mlad· Voûice;Mlad· Voûice;ASS;;SRA;;;;;;;14.8083;49.5375;Jihocesky;Jihocesky/P3MLVO01
P3NACE01;502;NaËeradec;NaËeradec;MSS;;SRA;SCE;;;;;;14.9086;49.6044;Stredocesky;Stredocesky/P3NACE01
P3NETV01;368;Netvo¯ice;Netvo¯ice;AKS4;T;SRA;SCE;;SSV;;F;;14.521178;49.818411;Stredocesky;Stredocesky/P3NETV01
P3NIZK01;526;NÌûkov;NÌûkov;MSS;;SRA;SCE;;;;;;15.8067;49.5325;Vysocina;Vysocina/P3NIZK01
P3NRUD01;348;Nedrahovice;Nedrahovice, Rudolec;AKS1;T;SRA;SCE;;SSV;;F;;14.4403;49.6317;Stredocesky;Stredocesky/P3NRUD01
P3NRYC01;624;Nov˝ Rychnov;Nov˝ Rychnov;AKS1;T;SRA;SCE;;SSV;;F;;15.365;49.3858;Vysocina;Vysocina/P3NRYC01
P3ONDR01;485;Ond¯ejov;Ond¯ejov;AKS1;T;SRA;SCE;;SSV;;F;;14.7847;49.9072;Stredocesky;Stredocesky/P3ONDR01
P3PACO01;494;Pacov;Pacov;ASS;;SRA;SCE;;;;;;15.023611;49.463611;Vysocina;Vysocina/P3PACO01
P3PELH01;520;Pelh¯imov;Pelh¯imov;MSS;;SRA;SCE;;;;;;15.2344;49.4336;Vysocina;Vysocina/P3PELH01
P3POLN01;480;Poln·;Poln·;MSS;;SRA;SCE;;;;;;15.7061;49.4864;Vysocina;Vysocina/P3POLN01
P3POST01;421;Postupice;Postupice;MSS;;SRA;SCE;;;;;;14.7833;49.7306;Stredocesky;Stredocesky/P3POST01
P3PRIB01;532.5;P¯ibyslav;P¯ibyslav, H¯iötÏ;AMS1;T;SRA;SCE;;SSV;P;F;;15.7625;49.582778;Vysocina;Vysocina/P3PRIB01
P3PSAR01;475;Ps·¯e;Ps·¯e;MSS;;SRA;SCE;;;;;;14.9678;49.7536;Stredocesky;Stredocesky/P3PSAR01
P3REND01;444;ÿendÏjov;ÿendÏjov, Nov˝ Samechov;MSS;;SRA;SCE;;;;;;15.08814;49.76873;Stredocesky;Stredocesky/P3REND01
P3RICA01;385;ÿÌËany;ÿÌËany;MSS;;SRA;SCE;;;;;;14.6717;50.0003;Stredocesky;Stredocesky/P3RICA01
P3SAZA01;350;S·zava;S·zava;MSS;;SRA;SCE;;;;;;14.901245;49.876432;Stredocesky;Stredocesky/P3SAZA01
P3SIMA01;630;äimanov;äimanov;MSS;;SRA;SCE;;;;;;15.4486;49.4614;Vysocina;Vysocina/P3SIMA01
P3STAN01;415;Vav¯inec;Vav¯inec, éÌöov;AKS2;T;SRA;SCE;;;;F;;15.0678;49.9028;Stredocesky;Stredocesky/P3STAN01
P3STOK01;530;ätoky;ätoky;ASS;;SRA;SCE;;;;;;15.5875;49.4983;Vysocina;Vysocina/P3STOK01
P3STOK02;520;ätoky;ätoky;MSS;;SRA;;;;;;;15.590556;49.501389;Vysocina;Vysocina/P3STOK02
P3STRE01;588;St¯ezimÌ¯;St¯ezimÌ¯;MSS;;SRA;SCE;;;;;;14.6181;49.5381;Stredocesky;Stredocesky/P3STRE01
P3SVET01;410;SvÏtl· nad S·zavou;SvÏtl· nad S·zavou;MSS;;SRA;SCE;;;;;;15.4075;49.6728;Vysocina;Vysocina/P3SVET01
P3VELI01;451;Veliö;Veliö;MSS;;SRA;SCE;;;;;;14.8233;49.6664;Stredocesky;Stredocesky/P3VELI01
P3VLAS01;415;Vlaöim;Vlaöim;AKS4;T;SRA;SCE;SCEa;SSV;;F;;14.894722;49.691944;Stredocesky;Stredocesky/P3VLAS01
P3VOTI01;450;Votice;Votice;MSS;;SRA;SCE;;;;;;14.6333;49.6433;Stredocesky;Stredocesky/P3VOTI01
P3ZAHR01;358;Maröovice;Maröovice, Zahr·dka;MSS;;SRA;SCE;;;;;;14.5886;49.7325;Stredocesky;Stredocesky/P3ZAHR01
P3ZDAR01;605;éÔ·r nad S·zavou;éÔ·r nad S·zavou, Strûanov;ASS;;SRA;;;;;;;15.9364;49.5978;Vysocina;Vysocina/P3ZDAR01
P4BHRE01;825;Bed¯ichov;Bed¯ichov, H¯ebÌnek;ASS;;;SCE;;;;;;15.162778;50.835;Liberecky;Liberecky/P4BHRE01
P4BKRS01;805;Bed¯ichov;Bed¯ichov, Kristi·nov;ASS;;;SCE;;;;;;15.18133;50.81484;Liberecky;Liberecky/P4BKRS01
P4BUPO01;875;Bed¯ichov;Bed¯ichov, U Podkovy;ASS;;;SCE;;;;;;15.193579;50.828693;Liberecky;Liberecky/P4BUPO01
P4HKAS01;912;Hejnice;Hejnice, Kas·rensk·;ASS;;SRA;SCE;;;;;;15.276634;50.825752;Liberecky;Liberecky/P4HKAS01
P4JABL01;439;Jablonec nad Jizerou;Jablonec nad Jizerou;ASNS;T;;SCE;SCEa;;;;;15.438379;50.695027;Liberecky;Liberecky/P4JABL01
P4JDRO01;993;Josef˘v D˘l;Josef˘v D˘l, RozmezÌ;ASNS;T;;SCE;SCEa;;;;;15.22405;50.82287;Liberecky;Liberecky/P4JDRO01
P4KJEZ01;775;Ko¯enov;Ko¯enov, Jezdeck·;ASS;T;SRA;SCE;;;;;;15.29299;50.80763;Liberecky;Liberecky/P4KJEZ01
P4KJIC01;920;Ko¯enov;Ko¯enov, Jizersk· cesta;ASS;;SRA;SCE;;;;;;15.304489;50.840495;Liberecky;Liberecky/P4KJIC01
P4KKUR01;880;Ko¯enov;Ko¯enov, K˘rovec;ASS;;;SCE;;;;;;15.282713;50.831339;Liberecky;Liberecky/P4KKUR01
P4KLAS01;945;Ko¯enov;Ko¯enov, LasiËÌ;ASS;;SRA;SCE;;;;;;15.35118;50.832423;Liberecky;Liberecky/P4KLAS01
P4KOZA01;744;Koz·kov;Koz·kov;ASNS;T;;SCE;SCEa;;;;;15.263056;50.594444;Liberecky;Liberecky/P4KOZA01
P4POLA01;680;ChotËiny;ChotËiny, Pol·nka;ASNS;T;;SCE;SCEa;;;;;14.844278;49.455925;Jihocesky;Jihocesky/P4POLA01
U1BILI01;270;BÌlina;BÌlina;MSS;;SRA;SCE;;;;;;13.775657;50.539526;Ustecky;Ustecky/U1BILI01
U1BOLR01;600;Bolebo¯;Bolebo¯;MSS;;SRA;SCE;;;;;;13.415082;50.537395;Ustecky;Ustecky/U1BOLR01
U1BOURTT;860;Bou¯Ú·k;Bou¯Ú·k;TOTAL;;;;;;;;;13.70631;50.68494;Ustecky;Ustecky/U1BOURTT
U1CEJI01;740;»esk˝ Ji¯etÌn;»esk˝ Ji¯etÌn, Fl·je;MSS;;SRA;SCE;;;;;;13.58558;50.68706;Ustecky;Ustecky/U1CEJI01
U1CITO01;235;CÌtoliby;CÌtoliby;MSS;;SRA;SCE;;;;;;13.8164;50.3361;Ustecky;Ustecky/U1CITO01
U1DLAZ01;278;Dlaûkovice;Dlaûkovice;MSS;;SRA;SCE;;;;;;13.95222;50.47;Ustecky;Ustecky/U1DLAZ01
U1DOKS01;158;Doksany;Doksany;AMS1;T;SRA;SCE;;SSV;P;F;RGLB_D;14.17;50.45889;Ustecky;Ustecky/U1DOKS01
U1DUBI01;402;DubÌ;DubÌ;ASS;;SRA;SCE;;;;;;13.80214;50.68056;Ustecky;Ustecky/U1DUBI01
U1HORB01;158;Ho¯Ìn;Ho¯Ìn;MSS;;SRA;SCE;;;;;;14.465;50.3422;Stredocesky;Stredocesky/U1HORB01
U1HRIV01;270;H¯ivice;H¯ivice;ASS;;SRA;SCE;;;;;;13.732;50.292153;Ustecky;Ustecky/U1HRIV01
U1HROB01;360;Hrob;Hrob, K¯iûanov;ASS;;SRA;SCE;;;;;;13.71953;50.654;Ustecky;Ustecky/U1HROB01
U1CHOM01;362;Chomutov;Chomutov;MSS;;SRA;SCE;;;;;;13.39711;50.46225;Ustecky;Ustecky/U1CHOM01
U1JILO01;310;JÌlovÈ;JÌlovÈ;MSS;;SRA;SCE;;;;;;14.10183;50.76642;Ustecky;Ustecky/U1JILO01
U1KATU01;322.4;Tuöimice;Tuöimice;AMS1;T;SRA;SCE;;SSV;P;F;RGLB_D;13.32806;50.37667;Ustecky;Ustecky/U1KATU01
U1KLIN01;807;KlÌny;KlÌny;ASS;;SRA;SCE;;;;;;13.55153;50.63875;Ustecky;Ustecky/U1KLIN01
U1KOPI01;240;Kopisty;Kopisty;AMS1;T;SRA;SCE;;SSV;P;F;;13.62278;50.54417;Ustecky;Ustecky/U1KOPI01
U1KRIM01;570;K¯imov;K¯imov;MSS;;SRA;SCE;;;;;;13.31453;50.499;Ustecky;Ustecky/U1KRIM01
U1LIBO01;165;Libochovice;Libochovice, Poplze;ASS;;SRA;SCE;;;;;;14.04575;50.39983;Ustecky;Ustecky/U1LIBO01
U1LUKO01;502;Lukov;Lukov;MSS;;SRA;SCE;;;;;;13.88453;50.52756;Ustecky;Ustecky/U1LUKO01
U1MAST01;373;Maöùov;Maöùov;ASS;;SRA;SCE;;;;;;13.2828;50.2608;Ustecky;Ustecky/U1MAST01
U1MEDE01;828;MÏdÏnec;MÏdÏnec;AKS1;T;SRA;SCE;;SSV;;F;;13.13256;50.42936;Ustecky;Ustecky/U1MEDE01
U1MERU01;367;MÏrunice;MÏrunice, éichov;ASS;;SRA;SCE;;;;;;13.79031;50.47908;Ustecky;Ustecky/U1MERU01
U1MILE01;830.5;Mileöovka;Mileöovka;AMS;T;SRA;SCE;;SSV;P;F;;13.93083;50.555;Ustecky;Ustecky/U1MILE01
U1MILS01;348;Mileöov;Mileöov;ASS;;SRA;SCE;;;;;;13.94231;50.53642;Ustecky;Ustecky/U1MILS01
U1NOVE01;725;Nov· Ves v Hor·ch;Nov· Ves v Hor·ch;AKS1;T;SRA;SCE;;SSV;;F;;13.48561;50.59244;Ustecky;Ustecky/U1NOVE01
U1PAST01;470;VeleËÌn;VeleËÌn, Pastuchovice;MSS;;SRA;SCE;;;;;;13.38189;50.07036;Plzensky;Plzensky/U1PAST01
U1PEKL01;631;Petrovice;Petrovice, Kr·sn˝ Les;ASS;;SRA;SCE;;;;;;13.937667;50.767361;Ustecky;Ustecky/U1PEKL01
U1PERU01;350;Peruc;Peruc;MSS;;SRA;SCE;;;;;;13.9542;50.3386;Ustecky;Ustecky/U1PERU01
U1ROUL01;175;Roudnice nad Labem;Roudnice nad Labem;MSS;;SRA;SCE;;;;;;14.25439;50.42622;Ustecky;Ustecky/U1ROUL01
U1SMOL01;345;Smolnice;Smolnice;AKS1;T;SRA;SCE;;SSV;;F;;13.85617;50.30872;Ustecky;Ustecky/U1SMOL01
U1SNEZ01;569;SnÏûnÌk;SnÏûnÌk;AKS2;T;SRA;SCE;;;;F;;14.08536;50.79683;Ustecky;Ustecky/U1SNEZ01
U1SNEZTT;716;SnÏûnÌk;SnÏûnÌk;TOTAL;;;;;;;;;14.10717;50.79367;Ustecky;Ustecky/U1SNEZTT
U1STRJ01;372;Strojetice;Strojetice;AKS2;T;SRA;SCE;;SSV;;F;;13.47694;50.17378;Ustecky;Ustecky/U1STRJ01
U1STRV01;214;Straökov-Vodochody;Straökov-Vodochody;ASS;;SRA;SCE;;;;;;14.255;50.36389;Ustecky;Ustecky/U1STRV01
U1TELN01;340;Telnice;Telnice, Varvaûov;MSS;;SRA;SCE;;;;;;13.964611;50.725083;Ustecky;Ustecky/U1TELN01
U1TEPL01;227;Teplice;Teplice;AKS1;T;SRA;SCE;;SSV;;F;;13.836344;50.645153;Ustecky;Ustecky/U1TEPL01
U1TISA01;556;Tis·;Tis·;ASS;;SRA;SCE;;;;;;14.02167;50.78694;Ustecky;Ustecky/U1TISA01
U1ULKO01;375.39;⁄stÌ nad Labem;⁄stÌ nad Labem, KoËkov;AMS1;T;SRA;SCE;;SSV;P;F;RGLB_D;14.04111;50.68333;Ustecky;Ustecky/U1ULKO01
U1ULMA01;150;⁄stÌ nad Labem;⁄stÌ nad Labem, VaÚov;AKS2;T;SRA;SCE;;SSV;P;F;;14.05831;50.62556;Ustecky;Ustecky/U1ULMA01
U1VECE01;329;Velk· »ernoc;Velk· »ernoc;ASS;;SRA;SCE;;;;;;13.58406;50.20283;Ustecky;Ustecky/U1VECE01
U1VYSL01;738;V˝slunÌ;V˝slunÌ;MSS;;SRA;SCE;;;;;;13.23853;50.46428;Ustecky;Ustecky/U1VYSL01
U1ZATE01;210;éatec;éatec;AKS1;T;SRA;SCE;;SSV;;F;;13.54319;50.34147;Ustecky;Ustecky/U1ZATE01
U2BEDR01;777;Bed¯ichov;Bed¯ichov;AKS1;T;SRA;SCE;;SSV;;F;;15.13708;50.81511;Liberecky;Liberecky/U2BEDR01
U2BENP01;250;Beneöov nad PlouËnicÌ;Beneöov nad PlouËnicÌ;MSS;;SRA;SCE;;;;;;14.31186;50.74422;Ustecky;Ustecky/U2BENP01
U2CEKA01;319;»esk· Kamenice;»esk· Kamenice;MSS;;SRA;SCE;;;;;;14.42017;50.80283;Ustecky;Ustecky/U2CEKA01
U2CELI01;246;»esk· LÌpa;»esk· LÌpa;AKS2;T;SRA;SCE;;SSV;;F;;14.541141;50.675373;Liberecky;Liberecky/U2CELI01
U2DECI01;172;DÏËÌn;DÏËÌn, K¯eöice;AKS2;T;SRA;SCE;;;;F;;14.20258;50.75097;Ustecky;Ustecky/U2DECI01
U2DECT01;150;DÏËÌn;DÏËÌn, TÏchlovice;ASS;;SRA;SCE;;;;;;14.20433;50.69783;Ustecky;Ustecky/U2DECT01
U2DOKY01;284;Doksy;Doksy;AKS1;T;SRA;SCE;;SSV;;F;;14.66731;50.56811;Liberecky;Liberecky/U2DOKY01
U2DUBA01;258;Dub·;Dub·, Nedamov;MSS;;SRA;SCE;;;;;;14.555594;50.536399;Liberecky;Liberecky/U2DUBA01
U2FRYD01;337;Fr˝dlant;Fr˝dlant;AKS;T;SRA;;;SSV;P;F;;15.09015;50.91785;Liberecky;Liberecky/U2FRYD01
U2HEJN01;396;Hejnice;Hejnice;AKS2;T;SRA;SCE;;SSV;;F;;15.18317;50.88456;Liberecky;Liberecky/U2HEJN01
U2CHOT01;260;ChotynÏ;ChotynÏ;ASS;;SRA;SCE;;;;;;14.87175;50.83897;Liberecky;Liberecky/U2CHOT01
U2CHRI01;440;Ch¯ibsk·;Ch¯ibsk·, HornÌ Ch¯ibsk·;MSS;;SRA;SCE;;;;;;14.52456;50.85289;Ustecky;Ustecky/U2CHRI01
U2CHRV01;314;Chrastava;Chrastava;ASS;;SRA;SCE;;;;;;14.95861;50.81872;Liberecky;Liberecky/U2CHRV01
U2JANI01;495;Jablonec nad Nisou;Jablonec nad Nisou;ASS;;SRA;;;;;;;15.17922;50.72931;Liberecky;Liberecky/U2JANI01
U2JAPO01;320;JablonnÈ v PodjeötÏdÌ;JablonnÈ v PodjeötÏdÌ;AKS2;T;SRA;SCE;;;;F;;14.77375;50.77206;Liberecky;Liberecky/U2JAPO01
U2KRIN01;395;K¯iûany;K¯iûany;ASS;;SRA;SCE;;;;;;14.907056;50.738722;Liberecky;Liberecky/U2KRIN01
U2LIBC01;397.72;Liberec;Liberec;AMS1;T;SRA;SCE;;SSV;P;F;;15.02389;50.76972;Liberecky;Liberecky/U2LIBC01
U2LITM01;172.5;LitomÏ¯ice;LitomÏ¯ice;MSS;;SRA;SCE;;;;;;14.119889;50.532111;Ustecky;Ustecky/U2LITM01
U2LOBE01;350;Lobendava;Lobendava;MSS;;SRA;SCE;;;;;;14.31347;51.01965;Ustecky;Ustecky/U2LOBE01
U2MARE01;395;Ma¯enice;Ma¯enice;ASS;;SRA;SCE;;;;;;14.676;50.80967;Liberecky;Liberecky/U2MARE01
U2MFOJ01;395;MnÌöek;MnÌöek, Fojtka;MSS;;SRA;SCE;;;;;;15.05856;50.82725;Liberecky;Liberecky/U2MFOJ01
U2MIMO01;278;MimoÚ;MimoÚ;ASS;;SRA;SCE;;;;;;14.72494;50.65975;Liberecky;Liberecky/U2MIMO01
U2NBOR01;358;Nov˝ Bor;Nov˝ Bor;ASS;;SRA;;;;;;;14.55719;50.75;Liberecky;Liberecky/U2NBOR01
U2NMES01;473;NovÈ MÏsto pod Smrkem;NovÈ MÏsto pod Smrkem;ASS;;SRA;SCE;;;;;;15.23381;50.92358;Liberecky;Liberecky/U2NMES01
U2PRED01;248;ViöÚov·;ViöÚov·;ASS;;SRA;SCE;;;;;;15.01814;50.96594;Liberecky;Liberecky/U2PRED01
U2RUMB01;390;Rumburk;Rumburk;MSS;;SRA;SCE;;;;;;14.57086;50.95156;Ustecky;Ustecky/U2RUMB01
U2SLUK01;352;äluknov;äluknov;ASS;;SRA;SCE;;;;;;14.45525;51.002722;Ustecky;Ustecky/U2SLUK01
U2SMED01;834;BÌl˝ Potok;BÌl˝ Potok, SmÏdava;AKS4;T;SRA;;;SSV;;F;;15.27318;50.84452;Liberecky;Liberecky/U2SMED01
U2STRR01;310;Str·û pod Ralskem;Str·û pod Ralskem;AKS1;T;SRA;SCE;;SSV;;F;;14.80739;50.70361;Liberecky;Liberecky/U2STRR01
U2USHA01;280;⁄ötÏk;⁄ötÏk, Hab¯ina;MSS;;SRA;SCE;;;;;;14.30925;50.59617;Ustecky;Ustecky/U2USHA01
U2VARN01;367;Varnsdorf;Varnsdorf;AKS1;T;SRA;SCE;;SSV;;F;;14.60222;50.90556;Ustecky;Ustecky/U2VARN01
U2VERN01;507;Verne¯ice;Verne¯ice;ASS;;SRA;SCE;;;;;;14.30492;50.65789;Ustecky;Ustecky/U2VERN01
U2VYSO01;300;Vysok·;Vysok·;MSS;;SRA;SCE;;;;;;14.537361;50.411611;Stredocesky;Stredocesky/U2VYSO01
U2ZAHR01;270;Zahr·dky;Zahr·dky;ASS;;SRA;SCE;;;;;;14.51467;50.61428;Liberecky;Liberecky/U2ZAHR01
U2ZAND01;275;éandov;éandov, HornÌ Police;ASS;;SRA;SCE;;;;;;14.403417;50.708083;Liberecky;Liberecky/U2ZAND01
U4BPCN01;820;Bed¯ichov;Bed¯ichov, Prameny »ernÈ Nisy;ASS;;;SCE;;;;;;15.152029;50.840168;Liberecky;Liberecky/U4BPCN01
U4BPPC01;984;BÌl˝ Potok;BÌl˝ Potok, Pavlova cesta;ASS;;SRA;;;;;;;15.234862;50.853964;Liberecky;Liberecky/U4BPPC01
U4BPSM01;826;BÌl˝ Potok;BÌl˝ Potok, SmÏdava;ASS;T;;SCE;;;;;;15.273405;50.845078;Liberecky;Liberecky/U4BPSM01
U4BPUJ01;916;BÌl˝ Potok;BÌl˝ Potok, U Je¯·bu;ASS;;SRA;SCE;;;;;;15.292606;50.857536;Liberecky;Liberecky/U4BPUJ01
U4BTOM01;810;Bed¯ichov;Bed¯ichov, Tomöovka;ASS;;SRA;;;;;;;15.149511;50.834362;Liberecky;Liberecky/U4BTOM01
U4BUHL01;780;Bed¯ichov;Bed¯ichov, UhlÌ¯sk·;ASS;;SRA;SCE;;;;;;15.147065;50.824187;Liberecky;Liberecky/U4BUHL01
U4HKNA01;990;Hejnice;Hejnice, Knajpa;ASS;;SRA;SCE;;;;;;15.243308;50.830763;Liberecky;Liberecky/U4HKNA01
U4SMHO01;1006;Hejnice;Hejnice, SmÏdavsk· hora;ASS;;SRA;;;;;;;15.252335;50.844961;Liberecky;Liberecky/U4SMHO01
U4ZAKO01;828;Z·koutÌ;Z·koutÌ;ASNS;T;;;SCEa;;;;;13.354974;50.549858;Ustecky;Ustecky/U4ZAKO01
O1CANTTT;974;Velk· »antoryje;Velk· »antoryje;TOTAL;;;;;;;;;18.7958;49.6792;Moravskoslezsky;Moravskoslezsky/O1CANTTT
